init,type,geometry,geo params,constraints,num_folds,score_mean,score_std,f1_mean,f1_std,smoothness_mean,smoothness_std,avg_freeze_mean,avg_freeze_std,iteration_mean,score_over_f1,score_f1_freeze,score_f1_freeze_smooth
kernel pca:rbf,map geo,fourier_basis,10,"('variance', 'A', 'R', 'n', 'r')",10,0.149606673,0.016143184,0.929010212,0.043531227,0.927773298,0.010444821,1.103647891,0.082107117,41,0.161038782,0.177730112,0.164893252
kernel pca:rbf,map geo,fourier_basis,8,"('variance', 'A', 'R', 'n', 'r')",10,0.152352488,0.016757133,0.941611167,0.035060535,0.911082978,0.011703868,1.105714371,0.07791015,61,0.161799789,0.178904352,0.16299671
kernel pca:rbf,map geo,fourier_basis,11,"('variance', 'A', 'R', 'n', 'r')",10,0.152238924,0.013659028,0.93223754,0.045620758,0.940209503,0.012686756,1.09867948,0.084931582,51,0.163304863,0.179419702,0.168692109
kernel pca:rbf,map geo,fourier_basis,6,"('variance', 'A', 'R', 'n', 'r')",10,0.151569931,0.01630336,0.94509102,0.044424458,0.876673183,0.012611148,1.127575585,0.101150239,31,0.160376014,0.180836078,0.15853414
kernel pca:rbf,map geo,fourier_basis,7,"('variance', 'A', 'R', 'n', 'r')",10,0.153076705,0.017946566,0.935944611,0.04960955,0.886225287,0.013127692,1.12547995,0.099110044,81,0.163553167,0.18407581,0.163132637
kernel pca:rbf,map geo,fourier_basis,5,"('variance', 'A', 'R', 'n', 'r')",10,0.150916876,0.016410862,0.958838384,0.032280788,0.85270361,0.011767391,1.17937281,0.135656994,31,0.157395531,0.185628009,0.158285674
kernel pca:rbf,map geo,fourier_basis,9,"('variance', 'A', 'R', 'n', 'r')",10,0.156246233,0.020011105,0.936757687,0.041029048,0.920200292,0.011027212,1.115863146,0.085036394,51,0.166794717,0.186120078,0.17126775
kernel pca:rbf,map geo,fourier_basis,12,"('variance', 'A', 'R', 'n', 'r')",10,0.160531712,0.01431291,0.944838495,0.048100769,0.99564187,0.048289778,1.097081119,0.073472442,51,0.169903865,0.186398323,0.185585975
umap:euclidean,map geo,fourier_basis,7,"('variance', 'A', 'R', 'n', 'r')",10,0.14349657,0.019214591,0.909376734,0.052654069,0.903127512,0.024044394,1.208797052,0.133314315,11,0.157796615,0.190744083,0.172266229
kernel pca:rbf,map geo,spiral,,"('variance', 'A', 'R', 'n', 'r')",10,0.14511956,0.017548259,0.914230214,0.050833995,0.844237142,0.012687762,1.203928061,0.147518476,21,0.158734155,0.191104503,0.16133752
umap:cosine,map geo,fourier_basis,9,"('variance', 'A', 'R', 'n', 'r')",10,0.144798307,0.015343562,0.895174048,0.052024242,0.909626837,0.018963825,1.202595251,0.17221499,11,0.161754363,0.194525028,0.176945186
kernel pca:rbf,kernel geo,fourier_basis,9,"('variance', 'A', 'R', 'n', 'r')",10,0.155987084,0.017465602,0.923651682,0.043661543,0.900894641,0.02180432,1.155441031,0.146565781,11,0.168880854,0.195131868,0.175793254
umap:cosine,map geo,fourier_basis,8,"('variance', 'A', 'R', 'n', 'r')",10,0.148189811,0.01835877,0.894702853,0.06962158,0.898413786,0.025485286,1.182468812,0.128314665,21,0.165630199,0.195852544,0.175956626
umap:euclidean,map geo,fourier_basis,9,"('variance', 'A', 'R', 'n', 'r')",10,0.142694401,0.020837372,0.885020313,0.053805825,0.900745996,0.013514511,1.217830016,0.12304718,31,0.161232911,0.196354279,0.17686533
umap:cosine,map geo,fourier_basis,10,"('variance', 'A', 'R', 'n', 'r')",10,0.150562288,0.018993386,0.88036297,0.052686674,0.915745833,0.026771631,1.148130659,0.114628775,11,0.171022968,0.196356713,0.179812842
umap:euclidean,map geo,fourier_basis,8,"('variance', 'A', 'R', 'n', 'r')",10,0.148271325,0.02005635,0.903987124,0.054362692,0.89791408,0.014759055,1.20741424,0.10788435,21,0.164019289,0.198039225,0.177822208
kernel pca:rbf,map geo,fourier_basis,13,"('variance', 'A', 'R', 'n', 'r')",10,0.169705183,0.031140216,0.928424353,0.035416722,1.016108277,0.049166408,1.096945648,0.084608114,51,0.182788379,0.200508917,0.203738771
kernel pca:rbf,kernel geo,fourier_basis,11,"('variance', 'A', 'R', 'n', 'r')",10,0.168115928,0.026693935,0.913969142,0.045321416,0.954022435,0.029543225,1.106546207,0.08873454,11,0.183940485,0.203538647,0.194180435
kernel pca:rbf,kernel geo,fourier_basis,10,"('variance', 'A', 'R', 'n', 'r')",10,0.163263565,0.019320708,0.902955378,0.063006716,0.926990842,0.038604213,1.128962309,0.108015821,11,0.180810225,0.204127929,0.189224721
umap:euclidean,map geo,fourier_basis,10,"('variance', 'A', 'R', 'n', 'r')",10,0.150811336,0.017065821,0.883967699,0.054640005,0.901431046,0.01913753,1.212049389,0.212114921,21,0.170607293,0.206784465,0.186401937
umap:euclidean,map geo,fourier_basis,6,"('variance', 'A', 'R', 'n', 'r')",10,0.145528,0.015282517,0.918489288,0.042676828,0.888671307,0.025163684,1.307722582,0.266238157,31,0.158442784,0.207199207,0.18413199
kernel pca:rbf,kernel geo,fourier_basis,8,"('variance', 'A', 'R', 'n', 'r')",10,0.157002584,0.018428482,0.900868909,0.059375222,0.898768694,0.022259564,1.193268649,0.200849134,11,0.174279057,0.207961735,0.186909497
kernel pca:rbf,kernel geo,fourier_basis,7,"('variance', 'A', 'R', 'n', 'r')",10,0.151476218,0.014608876,0.903154623,0.05451222,0.894546355,0.020030039,1.241210975,0.14508834,11,0.167719031,0.208174702,0.186221921
umap:cosine,map geo,fourier_basis,5,"('variance', 'A', 'R', 'n', 'r')",10,0.1428984,0.018340986,0.894840715,0.051874571,0.891581735,0.030524248,1.310108279,0.198253904,21,0.159691438,0.209213075,0.186530556
umap:cosine,map geo,fourier_basis,7,"('variance', 'A', 'R', 'n', 'r')",10,0.149730929,0.016869564,0.899556333,0.057114322,0.893554112,0.025597367,1.274314339,0.150638523,21,0.166449753,0.212109307,0.189531143
umap:cosine,map geo,fourier_basis,6,"('variance', 'A', 'R', 'n', 'r')",10,0.150321025,0.015198737,0.909205017,0.049429306,0.887457026,0.024526469,1.287844182,0.186998608,21,0.165332375,0.212922337,0.188959424
umap:cosine,map geo,fourier_basis,3,"('variance', 'A', 'R', 'n', 'r')",10,0.138916872,0.020091102,0.915085248,0.048639318,0.879780502,0.047137287,1.405263654,0.320002022,11,0.151807574,0.213329667,0.187683281
umap:euclidean,map geo,spiral,,"('variance', 'A', 'R', 'n', 'r')",10,0.155951902,0.015601919,0.914058497,0.04750334,0.914615392,0.017791543,1.258561578,0.177693043,21,0.170614794,0.214729224,0.196394653
kernel pca:rbf,multi w GP geo,fourier_basis,9,"('variance', 'A', 'alpha', 'phi', 'f')",1,0.167754888,0,0.95959596,0,0.936519632,0,1.22914981,0,11,0.174818251,0.21487782,0.201237297
kernel pca:rbf,multi w GP geo,fourier_basis,9,"('variance', 'A')",1,0.167754888,0,0.95959596,0,0.936519632,0,1.22914981,0,11,0.174818251,0.21487782,0.201237297
kernel pca:rbf,multi w GP geo,fourier_basis,9,"('variance', 'A', 'alpha')",1,0.167754888,0,0.95959596,0,0.936519632,0,1.22914981,0,11,0.174818251,0.21487782,0.201237297
kernel pca:rbf,multi w GP geo,fourier_basis,9,"('variance', 'A', 'f')",1,0.167754888,0,0.95959596,0,0.936519632,0,1.22914981,0,11,0.174818251,0.21487782,0.201237297
kernel pca:rbf,multi w GP geo,fourier_basis,9,"('variance', 'A', 'phi')",1,0.167754888,0,0.95959596,0,0.936519632,0,1.22914981,0,11,0.174818251,0.21487782,0.201237297
kernel pca:rbf,multi w GP geo,fourier_basis,9,"('variance', 'A', 'f', 'phi')",1,0.167754888,0,0.95959596,0,0.936519632,0,1.22914981,0,11,0.174818251,0.21487782,0.201237297
kernel pca:rbf,multi w GP geo,fourier_basis,9,"('variance', 'A', 'alpha', 'phi')",1,0.167754888,0,0.95959596,0,0.936519632,0,1.22914981,0,11,0.174818251,0.21487782,0.201237297
kernel pca:rbf,multi w GP geo,fourier_basis,9,"('variance', 'A', 'f', 'alpha')",1,0.167754888,0,0.95959596,0,0.936519632,0,1.22914981,0,11,0.174818251,0.21487782,0.201237297
umap:cosine,map geo,fourier_basis,4,"('variance', 'A', 'R', 'n', 'r')",10,0.146234715,0.019534373,0.893101121,0.058155273,0.874323238,0.021984828,1.314035193,0.179448831,31,0.163738138,0.215157676,0.188117356
umap:cosine,map geo,fourier_basis,12,"('variance', 'A', 'R', 'n', 'r')",10,0.154162344,0.012333756,0.899480741,0.052638343,0.903025349,0.017040915,1.263026996,0.197988628,21,0.171390377,0.216470673,0.195478505
umap:euclidean,map geo,fourier_basis,4,"('variance', 'A', 'R', 'n', 'r')",10,0.143955185,0.019557535,0.909205017,0.049429306,0.882560786,0.018047173,1.387543177,0.189013128,11,0.15833083,0.219690863,0.193890541
PCA,map geo,fourier_basis,13,"('variance', 'A', 'R', 'n', 'r')",10,0.172154636,0.015584112,0.923575869,0.038565993,1.007010438,0.023981374,1.195069413,0.12393401,21,0.186400102,0.22276106,0.224322713
umap:euclidean,map geo,fourier_basis,5,"('variance', 'A', 'R', 'n', 'r')",10,0.146360334,0.02111397,0.890931624,0.052162522,0.877958193,0.021196677,1.362532986,0.276435525,21,0.164277853,0.223833994,0.196516889
kernel pca:rbf,map geo,fourier_basis,4,"('variance', 'A', 'R', 'n', 'r')",10,0.152117489,0.017176437,0.958277833,0.038844162,0.827169153,0.007750014,1.424263425,0.283005714,31,0.158740486,0.226088268,0.187013241
umap:cosine,map geo,spiral,,"('variance', 'A', 'R', 'n', 'r')",10,0.156072717,0.016349913,0.89007659,0.053832483,0.900996311,0.021560801,1.312903541,0.217795327,31,0.175347514,0.230214372,0.207422299
umap:cosine,map geo,fourier_basis,11,"('variance', 'A', 'R', 'n', 'r')",10,0.166078349,0.019318066,0.912577978,0.058093574,0.903262343,0.023709795,1.278135629,0.139603756,31,0.181988119,0.232605499,0.210103788
kernel pca:rbf,map geo,ellipse,,"('variance', 'A', 'R', 'n', 'r')",10,0.15183293,0.010895909,0.967424242,0.024753916,0.785611243,0.010414837,1.520909194,0.272896202,41,0.156945551,0.238699931,0.187525349
kernel pca:rbf,map geo,fourier_basis,2,"('variance', 'A', 'R', 'n', 'r')",10,0.15183293,0.010895909,0.967424242,0.024753916,0.785611243,0.010414837,1.520909194,0.272896202,41,0.156945551,0.238699931,0.187525349
umap:euclidean,map geo,klein bottle,,"('variance', 'A', 'R', 'n', 'r')",10,0.148911952,0.020835294,0.896164613,0.048769317,0.881590657,0.029142788,1.471761177,0.286142821,11,0.166165847,0.244556442,0.215598675
umap:euclidean,map geo,fourier_basis,12,"('variance', 'A', 'R', 'n', 'r')",10,0.165963378,0.017376696,0.88684571,0.047145188,0.906946578,0.016418437,1.308311668,0.164729027,31,0.187138953,0.244836076,0.222053241
umap:euclidean,kernel geo,fourier_basis,5,"('variance', 'A', 'R', 'n', 'r')",10,0.140112519,0.012161737,0.914140859,0.048801529,0.857230026,0.031561613,1.60272739,0.343520521,1,0.153272351,0.245653795,0.210581809
kernel pca:rbf,kernel geo,fourier_basis,6,"('variance', 'A', 'R', 'n', 'r')",9,0.154425619,0.013111684,0.927708094,0.054827144,0.876561622,0.015052801,1.480581991,0.224106268,1,0.166459277,0.246456608,0.216034404
umap:cosine,map geo,toroid,,"('variance', 'A', 'R', 'n', 'r')",10,0.157695077,0.01867302,0.914058497,0.04750334,0.872253707,0.033612008,1.43162454,0.212558985,31,0.172521865,0.246986536,0.215434922
PCA,map geo,fourier_basis,12,"('variance', 'A', 'R', 'n', 'r')",10,0.170280391,0.021683084,0.923318348,0.043700856,0.927484035,0.021946183,1.353079488,0.20900095,41,0.184422189,0.249537881,0.231442401
kernel pca:rbf,map geo,klein bottle,,"('variance', 'A', 'R', 'n', 'r')",10,0.158549724,0.01878563,0.959171717,0.031858041,0.790474425,0.009235971,1.515158529,0.311401713,51,0.165298581,0.250453555,0.19797713
PCA,map geo,fourier_basis,11,"('variance', 'A', 'R', 'n', 'r')",10,0.171432123,0.018205559,0.932464757,0.040659068,0.889648657,0.023274338,1.374688609,0.151568491,21,0.183848367,0.252734256,0.224844692
umap:cosine,map geo,sphere,,"('variance', 'A', 'R', 'n', 'r')",10,0.167691396,0.014590434,0.896982795,0.047346262,1.0221618,0.013065293,1.357912719,0.169339644,31,0.186950515,0.253862482,0.259488532
kernel pca:rbf,map geo,toroid,,"('variance', 'A', 'R', 'n', 'r')",10,0.156971513,0.015460108,0.940798091,0.044887173,0.801134317,0.012238377,1.533892499,0.311147807,31,0.16684931,0.255928906,0.205033429
PCA,map geo,spiral,,"('variance', 'A', 'R', 'n', 'r')",10,0.166551254,0.017241735,0.937065712,0.039710393,0.84065928,0.019434453,1.470495914,0.085690342,21,0.177737006,0.261361541,0.219716005
kernel pca:rbf,multi w GP geo,toroid,,"('variance', 'A', 'r', 'n')",4,0.150123146,0.011815606,0.9375,0.036084392,0.747158746,0.013630856,1.636663194,0.469338881,1,0.160131355,0.262081095,0.195816183
kernel pca:rbf,map geo,fourier_basis,3,"('variance', 'A', 'R', 'n', 'r')",10,0.162039931,0.018177578,0.950025308,0.041953372,0.805747567,0.010407924,1.539822055,0.294969483,31,0.170563804,0.262637908,0.211619855
umap:cosine,map geo,fourier_basis,13,"('variance', 'A', 'R', 'n', 'r')",10,0.168273624,0.012895625,0.862947497,0.066386693,0.907221397,0.017302061,1.350114593,0.265772999,11,0.194998681,0.263270565,0.23884469
umap:euclidean,map geo,fourier_basis,11,"('variance', 'A', 'R', 'n', 'r')",10,0.163702544,0.01828423,0.883967699,0.054640005,0.890828538,0.02024564,1.438521905,0.430522803,31,0.18519064,0.266400792,0.237317428
kernel pca:rbf,multi w GP geo,toroid,,"('variance', 'A', 'R', 'n', 'r')",3,0.143795507,0.009726647,0.944444444,0.03928371,0.759022077,0.011298738,1.760650836,0.456538866,1,0.152254066,0.268066249,0.203468201
umap:euclidean,map geo,fourier_basis,13,"('variance', 'A', 'R', 'n', 'r')",10,0.170252036,0.030556301,0.882365967,0.050990334,0.90012784,0.016493099,1.413884919,0.237930155,21,0.192949458,0.272808329,0.245562372
kernel pca:rbf,multi w GP geo,toroid,,"('variance', 'A', 'R', 'n')",5,0.160295553,0.020721056,0.950505051,0.031321276,0.810184272,0.032993492,1.635134801,0.264420652,11,0.168642505,0.275753229,0.223410929
umap:euclidean,map geo,sphere,,"('variance', 'A', 'R', 'n', 'r')",10,0.165642974,0.017818559,0.90483128,0.050209498,1.029283952,0.014418842,1.512121344,0.354802484,21,0.18306504,0.276816554,0.284922837
PCA,map geo,fourier_basis,14,"('variance', 'A', 'R', 'n', 'r')",10,0.216512042,0.025178045,0.908644467,0.053426884,1.125416615,0.01993692,1.166864059,0.142613114,31,0.238280262,0.278040674,0.312911594
umap:cosine,map geo,laguerre_basis,3,"('variance', 'A', 'R', 'n', 'r')",10,0.154489756,0.025240058,0.907181152,0.037649325,0.875238343,0.041953049,1.637823581,0.373252309,31,0.170296479,0.278915589,0.244117618
kernel pca:rbf,multi w GP geo,fourier_basis,8,"('variance', 'A', 'alpha', 'phi', 'f')",1,0.160138459,0,0.80952381,0,0.919121412,0,1.429289827,0,1,0.197818097,0.282739394,0.259871831
kernel pca:rbf,multi w GP geo,fourier_basis,8,"('variance', 'A')",1,0.160138459,0,0.80952381,0,0.919121412,0,1.429289827,0,1,0.197818097,0.282739394,0.259871831
kernel pca:rbf,multi w GP geo,fourier_basis,8,"('variance', 'A', 'alpha')",1,0.160138459,0,0.80952381,0,0.919121412,0,1.429289827,0,1,0.197818097,0.282739394,0.259871831
kernel pca:rbf,multi w GP geo,fourier_basis,8,"('variance', 'A', 'f')",1,0.160138459,0,0.80952381,0,0.919121412,0,1.429289827,0,1,0.197818097,0.282739394,0.259871831
kernel pca:rbf,multi w GP geo,fourier_basis,8,"('variance', 'A', 'phi')",1,0.160138459,0,0.80952381,0,0.919121412,0,1.429289827,0,1,0.197818097,0.282739394,0.259871831
kernel pca:rbf,multi w GP geo,fourier_basis,8,"('variance', 'A', 'f', 'phi')",1,0.160138459,0,0.80952381,0,0.919121412,0,1.429289827,0,1,0.197818097,0.282739394,0.259871831
kernel pca:rbf,multi w GP geo,fourier_basis,8,"('variance', 'A', 'alpha', 'phi')",1,0.160138459,0,0.80952381,0,0.919121412,0,1.429289827,0,1,0.197818097,0.282739394,0.259871831
kernel pca:rbf,multi w GP geo,fourier_basis,8,"('variance', 'A', 'f', 'alpha')",1,0.160138459,0,0.80952381,0,0.919121412,0,1.429289827,0,1,0.197818097,0.282739394,0.259871831
PCA,map geo,fourier_basis,10,"('variance', 'A', 'R', 'n', 'r')",10,0.170215585,0.013049209,0.938417138,0.062980191,0.882936119,0.015284111,1.562865045,0.346161001,31,0.181385845,0.283481596,0.250296141
PCA,map geo,fourier_basis,8,"('variance', 'A', 'R', 'n', 'r')",10,0.174484513,0.011366185,0.925538351,0.061709023,0.907662848,0.024954828,1.507752652,0.231646849,11,0.188522186,0.284244825,0.257998468
kernel pca:rbf,multi w GP geo,ellipse,,"('variance', 'A', 'R', 'n', 'r')",9,0.157563548,0.009375937,0.944102194,0.040823352,0.738412902,0.01182231,1.721049617,0.298934111,1,0.16689247,0.287230222,0.212094502
kernel pca:rbf,multi w GP geo,ellipse,,"('variance', 'A', 'R', 'n')",9,0.157563548,0.009375937,0.944102194,0.040823352,0.738412902,0.01182231,1.721049617,0.298934111,1,0.16689247,0.287230222,0.212094502
PCA,map geo,toroid,,"('variance', 'A', 'R', 'n', 'r')",10,0.172230943,0.014805139,0.937318237,0.039587709,0.844837819,0.017825646,1.571765172,0.215981827,51,0.183748631,0.288809699,0.243997356
kernel pca:rbf,multi w GP geo,ellipse,,"('variance', 'A', 'r', 'n')",10,0.17964492,0.023406823,0.946212121,0.032693,0.834719141,0.02181507,1.525722673,0.297711217,11,0.189856921,0.289669009,0.241792266
umap:euclidean,map geo,mobius strip,,"('variance', 'A', 'R', 'n', 'r')",10,0.154453458,0.02244068,0.91214874,0.058851035,0.882355316,0.034505093,1.715452457,0.520553471,11,0.169329246,0.290476271,0.256303282
kernel pca:rbf,multi w GP geo,ellipse,,"('variance', 'A')",10,0.158854692,0.00970159,0.945651571,0.039006366,0.739429794,0.011623121,1.746698762,0.293847496,1,0.167984379,0.293418107,0.21696209
kernel pca:rbf,multi w GP geo,ellipse,,"('variance', 'A', 'r')",10,0.158854692,0.00970159,0.945651571,0.039006366,0.739429794,0.011623121,1.746698762,0.293847496,1,0.167984379,0.293418107,0.21696209
kernel pca:rbf,multi w GP geo,ellipse,,"('variance', 'A', 'r', 'R')",10,0.158854692,0.00970159,0.945651571,0.039006366,0.739429794,0.011623121,1.746698762,0.293847496,1,0.167984379,0.293418107,0.21696209
kernel pca:rbf,linear geo,toroid,,"('variance', 'A', 'R', 'n', 'r')",10,0.169332519,0.036120583,0.962878788,0.034570144,0.767977937,0.021431571,1.671146801,0.280103929,11,0.175860681,0.293889014,0.225700279
PCA,map geo,ellipse,,"('variance', 'A', 'R', 'n', 'r')",10,0.180251169,0.015302227,0.941106116,0.043656634,0.847591482,0.017002898,1.550971181,0.147395512,31,0.191531185,0.297059348,0.251784973
PCA,map geo,fourier_basis,2,"('variance', 'A', 'R', 'n', 'r')",10,0.180251169,0.015302227,0.941106116,0.043656634,0.847591482,0.017002898,1.550971181,0.147395512,31,0.191531185,0.297059348,0.251784973
PCA,map geo,klein bottle,,"('variance', 'A', 'R', 'n', 'r')",10,0.175959905,0.018388755,0.937065712,0.043628118,0.844379476,0.019013104,1.585344441,0.186012051,51,0.187777552,0.297692098,0.251365098
PCA,map geo,sphere,,"('variance', 'A', 'R', 'n', 'r')",10,0.184387418,0.013877025,0.975505051,0.027339285,0.944435158,0.013938631,1.582117804,0.085654726,61,0.189017389,0.299047777,0.282431235
umap:euclidean,map geo,fourier_basis,3,"('variance', 'A', 'R', 'n', 'r')",10,0.151177624,0.024186147,0.920242535,0.048231055,0.8823987,0.035636408,1.824883809,0.768080841,11,0.164280196,0.299792271,0.26453631
kernel pca:rbf,kernel geo,ellipse,,"('variance', 'A', 'R', 'n', 'r')",10,0.166083551,0.016900814,0.940545566,0.0485061,0.82217025,0.017965011,1.698278189,0.330456241,11,0.176582143,0.299885602,0.24655702
kernel pca:rbf,map geo,laguerre_basis,4,"('variance', 'A', 'R', 'n', 'r')",10,0.159929468,0.01645811,0.938838384,0.045153261,0.733530803,0.012406347,1.764539758,0.216770148,71,0.170348242,0.300586246,0.22048927
kernel pca:rbf,map geo,laguerre_basis,5,"('variance', 'A', 'R', 'n', 'r')",10,0.159103829,0.016032983,0.933984904,0.049659272,0.734127194,0.012964366,1.765220429,0.321993393,31,0.170349465,0.300704356,0.220755245
umap:euclidean,map geo,torus,,"('variance', 'A', 'R', 'n', 'r')",7,0.165135365,0.014956706,0.920431949,0.03907858,1.121101947,0.029416622,1.685225363,0.054522954,1,0.179410727,0.302347507,0.338962379
PCA,map geo,fourier_basis,3,"('variance', 'A', 'R', 'n', 'r')",10,0.181954311,0.012335475,0.941358641,0.04733958,0.855128544,0.013704581,1.572124467,0.153762526,11,0.193289043,0.303874434,0.259851703
PCA,map geo,fourier_basis,6,"('variance', 'A', 'R', 'n', 'r')",10,0.183365979,0.017880343,0.928171828,0.039825598,0.856308969,0.014725609,1.544856435,0.170479635,21,0.197556071,0.305195767,0.261341872
PCA,map geo,fourier_basis,7,"('variance', 'A', 'R', 'n', 'r')",10,0.184325145,0.016731207,0.932464757,0.040659068,0.871432144,0.016597911,1.549449397,0.183707688,21,0.197675187,0.306287699,0.266908946
umap:euclidean,map geo,random_sine_waves,3,"('variance', 'A', 'R', 'n', 'r')",10,0.168671252,0.027589582,0.901295926,0.050482891,0.888636832,0.032042257,1.637163887,0.335636012,21,0.187143032,0.306383814,0.272263942
PCA,map geo,fourier_basis,9,"('variance', 'A', 'R', 'n', 'r')",10,0.183342197,0.015571622,0.935692086,0.052883264,0.880302124,0.01657328,1.574641403,0.226700522,31,0.195942875,0.308539763,0.271608209
umap:cosine,map geo,torus,,"('variance', 'A', 'R', 'n', 'r')",5,0.156620509,0.006014813,0.897291597,0.058967406,1.126210805,0.014813445,1.774292905,0.174119377,1,0.174548062,0.309699388,0.348786797
PCA,map geo,mobius strip,,"('variance', 'A', 'R', 'n', 'r')",10,0.177025123,0.021755587,0.940545566,0.051762332,0.84839514,0.019594219,1.649354879,0.231946725,41,0.18821536,0.310433923,0.263370632
umap:cosine,map geo,laguerre_basis,5,"('variance', 'A', 'R', 'n', 'r')",10,0.161208826,0.0272288,0.89238184,0.047488575,0.882269017,0.032982414,1.720986497,0.619482091,31,0.180650052,0.310896301,0.274294174
umap:euclidean,map geo,ellipse,,"('variance', 'A', 'R', 'n', 'r')",10,0.144021293,0.011851544,0.919919303,0.036611387,0.854755119,0.024006571,2.007434441,0.398529203,1,0.156558616,0.314281158,0.268633429
PCA,map geo,random_sine_waves,3,"('variance', 'A', 'R', 'n', 'r')",10,0.176695689,0.017005192,0.950252525,0.03638555,0.84624032,0.021035729,1.691917559,0.22549878,51,0.185946035,0.314605361,0.266231742
PCA,map geo,fourier_basis,4,"('variance', 'A', 'R', 'n', 'r')",10,0.181993978,0.010557185,0.954545455,0.034661333,0.8469066,0.008922604,1.65992599,0.242901508,41,0.190660358,0.316482083,0.268030765
PCA,kernel geo,fourier_basis,9,"('variance', 'A', 'R', 'n', 'r')",10,0.182802367,0.01758635,0.904138639,0.057791387,0.869188235,0.024215477,1.57963639,0.183745743,41,0.202184,0.319377204,0.277598908
kernel pca:rbf,map geo,chebyshev_basis,5,"('variance', 'A', 'R', 'n', 'r')",10,0.165143264,0.014552577,0.928124098,0.059557438,0.726527857,0.014713109,1.796032763,0.240738372,51,0.177932309,0.319572257,0.232178147
PCA,map geo,random_sine_waves,5,"('variance', 'A', 'R', 'n', 'r')",10,0.185601341,0.013936855,0.954292929,0.039323461,0.838322115,0.010508642,1.654104422,0.22484373,51,0.194490952,0.321708344,0.269695219
umap:cosine,map geo,klein bottle,,"('variance', 'A', 'R', 'n', 'r')",10,0.156023044,0.030461283,0.912961816,0.052195932,0.88121358,0.03330577,1.885776804,1.430324986,11,0.170897666,0.322274855,0.283992979
kernel pca:rbf,mlp geo,cocentric_circles,,"('variance', 'A', 'R', 'n', 'r')",5,0.187113219,0.026047662,0.925757576,0.016947436,0.892264633,0.03439286,1.603821252,0.170671486,1,0.202119026,0.324162789,0.289238992
kernel pca:rbf,multi w GP geo,toroid,,"('variance',)",10,0.176439052,0.041206938,0.933277833,0.039427079,0.828239047,0.049869737,1.720174935,0.384668188,11,0.189053084,0.325204376,0.269346963
isomap:15,map geo,spiral,,"('variance', 'A', 'R', 'n', 'r')",10,0.202209237,0.05654426,0.750213564,0.102373421,0.962590404,0.024749055,1.221884167,0.196287769,21,0.269535566,0.32934124,0.317020717
PCA,map geo,random_sine_waves,4,"('variance', 'A', 'R', 'n', 'r')",10,0.190062764,0.024438917,0.950505051,0.031321276,0.841110395,0.011526172,1.65353558,0.216951387,41,0.199959762,0.330640582,0.27810523
kernel pca:rbf,multi w GP geo,fourier_basis,11,"('variance', 'A', 'alpha', 'phi', 'f')",3,0.175747772,0.034076287,0.916666667,0,0.864038082,0.018357122,1.726410354,0.729273673,11,0.191724842,0.330995753,0.285992935
kernel pca:rbf,multi w GP geo,fourier_basis,11,"('variance', 'A')",3,0.175747772,0.034076287,0.916666667,0,0.864038082,0.018357122,1.726410354,0.729273673,11,0.191724842,0.330995753,0.285992935
kernel pca:rbf,multi w GP geo,fourier_basis,11,"('variance', 'A', 'alpha')",3,0.175747772,0.034076287,0.916666667,0,0.864038082,0.018357122,1.726410354,0.729273673,11,0.191724842,0.330995753,0.285992935
kernel pca:rbf,multi w GP geo,fourier_basis,11,"('variance', 'A', 'f')",3,0.175747772,0.034076287,0.916666667,0,0.864038082,0.018357122,1.726410354,0.729273673,11,0.191724842,0.330995753,0.285992935
kernel pca:rbf,multi w GP geo,fourier_basis,11,"('variance', 'A', 'phi')",3,0.175747772,0.034076287,0.916666667,0,0.864038082,0.018357122,1.726410354,0.729273673,11,0.191724842,0.330995753,0.285992935
kernel pca:rbf,multi w GP geo,fourier_basis,11,"('variance', 'A', 'f', 'phi')",3,0.175747772,0.034076287,0.916666667,0,0.864038082,0.018357122,1.726410354,0.729273673,11,0.191724842,0.330995753,0.285992935
kernel pca:rbf,multi w GP geo,fourier_basis,11,"('variance', 'A', 'alpha', 'phi')",3,0.175747772,0.034076287,0.916666667,0,0.864038082,0.018357122,1.726410354,0.729273673,11,0.191724842,0.330995753,0.285992935
kernel pca:rbf,multi w GP geo,fourier_basis,11,"('variance', 'A', 'f', 'alpha')",3,0.175747772,0.034076287,0.916666667,0,0.864038082,0.018357122,1.726410354,0.729273673,11,0.191724842,0.330995753,0.285992935
umap:euclidean,map geo,fourier_basis,2,"('variance', 'A', 'R', 'n', 'r')",10,0.156341066,0.021314756,0.905184038,0.051368063,0.885304973,0.034161108,1.919518339,1.139937661,11,0.172717436,0.331534285,0.293508951
umap:euclidean,map geo,toroid,,"('variance', 'A', 'R', 'n', 'r')",10,0.162040766,0.032192008,0.909376734,0.052654069,0.881167543,0.011623846,1.875941765,1.48106653,21,0.178188818,0.334271846,0.294549502
umap:cosine,map geo,random_sine_waves,2,"('variance', 'A', 'R', 'n', 'r')",10,0.166127979,0.015594728,0.904351537,0.057063416,0.903289441,0.032670163,1.834409812,0.464541676,21,0.183698454,0.336978246,0.304388892
PCA,kernel geo,fourier_basis,8,"('variance', 'A', 'R', 'n', 'r')",10,0.193761298,0.019416578,0.902895438,0.048255866,0.86706372,0.023128671,1.570962274,0.182655271,51,0.21459993,0.337128395,0.2923118
kernel pca:rbf,kernel geo,fourier_basis,5,"('variance', 'A', 'R', 'n', 'r')",10,0.191171583,0.037688437,0.898644467,0.088298086,0.900140356,0.023324759,1.586300949,0.243158893,21,0.212733278,0.337459001,0.303760466
PCA,map geo,torus,,"('variance', 'A', 'R', 'n', 'r')",8,0.175687415,0.011195282,0.92133214,0.027081686,1.053375597,0.011785919,1.772959658,0.104496117,1,0.190688469,0.338082962,0.356128342
kernel pca:rbf,linear geo,cocentric_circles,,"('variance', 'A', 'R', 'n', 'r')",10,0.186683017,0.040758252,0.945651571,0.050009884,0.835982893,0.020801706,1.712895978,0.407529545,11,0.197412052,0.338146309,0.28268453
umap:cosine,map geo,ellipse,,"('variance', 'A', 'R', 'n', 'r')",10,0.159182129,0.025787158,0.896018204,0.040170782,0.873968186,0.036310111,1.905630619,1.598161662,21,0.177655017,0.338544839,0.295877419
PCA,map geo,laguerre_basis,2,"('variance', 'A', 'R', 'n', 'r')",10,0.193145319,0.015794937,0.923025308,0.074148551,0.848537949,0.01610895,1.622285329,0.258937054,41,0.209252463,0.3394672,0.288050802
kernel pca:rbf,multi w GP geo,fourier_basis,8,"('variance',)",10,0.181660921,0.030646418,0.934937285,0.056353926,0.901495279,0.049337026,1.752443927,1.087208506,11,0.194302788,0.340504741,0.306963417
PCA,map geo,legendre_basis,3,"('variance', 'A', 'R', 'n', 'r')",10,0.191327308,0.01728792,0.941611167,0.03944285,0.851875189,0.01631445,1.709016827,0.21324286,41,0.203191418,0.347257552,0.295820093
PCA,map geo,fourier_basis,5,"('variance', 'A', 'R', 'n', 'r')",10,0.183442411,0.016157375,0.949691975,0.042203108,0.846868479,0.015255046,1.800088547,0.391558426,31,0.193159904,0.347704931,0.294460347
kernel pca:rbf,linear geo,fourier_basis,5,"('variance', 'A', 'R', 'n', 'r')",10,0.188628032,0.028628271,0.959090909,0.040918443,0.768534359,0.018983886,1.774006047,0.307487878,11,0.196673777,0.34890047,0.268141999
PCA,kernel geo,fourier_basis,11,"('variance', 'A', 'R', 'n', 'r')",10,0.183027283,0.018279178,0.844110556,0.106361428,0.832699443,0.016767645,1.610541302,0.076287514,51,0.216828568,0.349211364,0.290788108
PCA,map geo,none,,"('variance', 'A', 'R', 'n', 'r')",10,0.19400652,0.018790024,0.914691975,0.071879019,0.8436507,0.011841976,1.647989017,0.236243842,31,0.212100385,0.349539105,0.29488891
PCA,map,none,,"('variance', 'A', 'R', 'n', 'r')",10,0.19400652,0.018790024,0.914691975,0.071879019,0.8436507,0.011841976,1.647989017,0.236243842,31,0.212100385,0.349539105,0.29488891
kernel pca:rbf,multi w GP geo,fourier_basis,10,"('variance',)",10,0.179888964,0.062967066,0.875391275,0.179306048,0.881310996,0.038316626,1.70282284,0.597905651,11,0.205495495,0.349922422,0.308390479
kernel pca:rbf,map geo,laguerre_basis,3,"('variance', 'A', 'R', 'n', 'r')",10,0.167015785,0.019050444,0.938676768,0.033037977,0.732624304,0.012768209,1.96837787,0.247598038,71,0.177926833,0.350227241,0.256584988
PCA,map geo,random_sine_waves,2,"('variance', 'A', 'R', 'n', 'r')",10,0.192284275,0.021674288,0.950505051,0.031321276,0.844380616,0.013503447,1.738001414,0.259720783,31,0.202296953,0.35159239,0.296877799
PCA,map geo,laguerre_basis,3,"('variance', 'A', 'R', 'n', 'r')",10,0.187540793,0.018100517,0.950505051,0.031321276,0.847713497,0.017922144,1.782716406,0.290288344,41,0.197306466,0.351741475,0.298175996
PCA,kernel,none,,"('variance', 'A', 'R', 'n', 'r')",10,0.171986695,0.020522016,0.928171828,0.039825598,0.901979046,0.015124415,1.909318012,0.734663789,1,0.185296181,0.353789337,0.319110568
PCA,map geo,linear,,"('variance', 'A', 'R', 'n', 'r')",10,0.19198602,0.019498399,0.937626263,0.033673085,0.858537743,0.016448024,1.73212272,0.307785507,41,0.204757511,0.354665137,0.304493406
PCA,map geo,chebyshev_basis,3,"('variance', 'A', 'R', 'n', 'r')",10,0.190598182,0.017776927,0.950505051,0.031321276,0.853812857,0.016068597,1.77130199,0.265798843,31,0.200523061,0.355186897,0.303263139
umap:cosine,kernel geo,fourier_basis,6,"('variance', 'A', 'R', 'n', 'r')",10,0.200322875,0.026358343,0.900306027,0.058354042,0.891107987,0.018414573,1.618446196,0.186616661,31,0.222505314,0.360112879,0.320899463
PCA,map geo,chebyshev_basis,2,"('variance', 'A', 'R', 'n', 'r')",10,0.195629561,0.01836703,0.937601843,0.046772921,0.847124274,0.01757868,1.752277045,0.306897848,31,0.208648866,0.365610617,0.309717629
PCA,map geo,legendre_basis,2,"('variance', 'A', 'R', 'n', 'r')",10,0.195629561,0.01836703,0.937601843,0.046772921,0.847124274,0.01757868,1.752277045,0.306897848,31,0.208648866,0.365610617,0.309717629
PCA,map geo,chebyshev_basis,4,"('variance', 'A', 'R', 'n', 'r')",10,0.189872734,0.018227795,0.946212121,0.032693,0.851040717,0.015365367,1.838935095,0.221407797,51,0.20066614,0.369012006,0.314044243
kernel pca:rbf,multi w GP geo,fourier_basis,10,"('variance', 'A', 'alpha', 'phi', 'f')",1,0.184284219,0,1,0,0.914485317,0,2.007981796,0,11,0.184284219,0.370039356,0.338395558
kernel pca:rbf,multi w GP geo,fourier_basis,10,"('variance', 'A')",1,0.184284219,0,1,0,0.914485317,0,2.007981796,0,11,0.184284219,0.370039356,0.338395558
kernel pca:rbf,multi w GP geo,fourier_basis,10,"('variance', 'A', 'alpha')",1,0.184284219,0,1,0,0.914485317,0,2.007981796,0,11,0.184284219,0.370039356,0.338395558
kernel pca:rbf,multi w GP geo,fourier_basis,10,"('variance', 'A', 'f')",1,0.184284219,0,1,0,0.914485317,0,2.007981796,0,11,0.184284219,0.370039356,0.338395558
kernel pca:rbf,multi w GP geo,fourier_basis,10,"('variance', 'A', 'phi')",1,0.184284219,0,1,0,0.914485317,0,2.007981796,0,11,0.184284219,0.370039356,0.338395558
kernel pca:rbf,multi w GP geo,fourier_basis,10,"('variance', 'A', 'f', 'phi')",1,0.184284219,0,1,0,0.914485317,0,2.007981796,0,11,0.184284219,0.370039356,0.338395558
kernel pca:rbf,multi w GP geo,fourier_basis,10,"('variance', 'A', 'alpha', 'phi')",1,0.184284219,0,1,0,0.914485317,0,2.007981796,0,11,0.184284219,0.370039356,0.338395558
kernel pca:rbf,multi w GP geo,fourier_basis,10,"('variance', 'A', 'f', 'alpha')",1,0.184284219,0,1,0,0.914485317,0,2.007981796,0,11,0.184284219,0.370039356,0.338395558
umap:cosine,kernel geo,fourier_basis,11,"('variance', 'A', 'R', 'n', 'r')",10,0.186086415,0.029154971,0.826980435,0.109659095,0.902835943,0.032677214,1.651275258,0.208641116,21,0.225019127,0.371568516,0.335465412
umap:cosine,kernel geo,fourier_basis,5,"('variance', 'A', 'R', 'n', 'r')",10,0.196372976,0.02063075,0.891697747,0.064523317,0.91366645,0.026336623,1.693858813,0.191182171,21,0.220223699,0.373027853,0.340823035
PCA,kernel geo,fourier_basis,10,"('variance', 'A', 'R', 'n', 'r')",10,0.198666289,0.04242261,0.85830969,0.078360532,0.846889474,0.018702751,1.621708071,0.153307234,51,0.231462246,0.375364193,0.317891984
PCA,kernel geo,ellipse,,"('variance', 'A', 'R', 'n', 'r')",10,0.196966308,0.024516046,0.940545566,0.0485061,0.925414446,0.035236127,1.803030845,0.20618302,41,0.209417082,0.377585459,0.349423038
PCA,map geo,legendre_basis,4,"('variance', 'A', 'R', 'n', 'r')",10,0.19200781,0.018194026,0.941358641,0.039593373,0.850172043,0.014521689,1.852745781,0.329514348,61,0.203968819,0.377902368,0.321282028
umap:euclidean,map geo,laguerre_basis,3,"('variance', 'A', 'R', 'n', 'r')",10,0.165969518,0.017673184,0.906149406,0.049382248,0.86420835,0.02949228,2.069036984,0.577906985,21,0.18315911,0.378962972,0.327502964
kernel pca:rbf,kernel geo,cocentric_circles,,"('variance', 'A', 'R', 'n', 'r')",10,0.183317175,0.024268058,0.844643422,0.180106978,0.922757551,0.142702152,1.74850698,0.632029744,11,0.217034988,0.379487191,0.350174671
PCA,kernel geo,fourier_basis,7,"('variance', 'A', 'R', 'n', 'r')",10,0.204129306,0.026469734,0.89140404,0.077772274,0.876346009,0.020325467,1.669814842,0.239509322,41,0.22899751,0.382383441,0.335100203
umap:euclidean,map geo,laguerre_basis,5,"('variance', 'A', 'R', 'n', 'r')",10,0.161512128,0.017762622,0.904881008,0.050580899,0.864324338,0.018167197,2.1470333,0.600263625,21,0.178489909,0.383223777,0.331229638
umap:euclidean,kernel geo,fourier_basis,9,"('variance', 'A', 'R', 'n', 'r')",10,0.202850972,0.020971704,0.864596737,0.058734007,0.907913731,0.019932751,1.643014426,0.211478911,21,0.234619174,0.385482687,0.349985024
kernel pca:rbf,map geo,legendre_basis,5,"('variance', 'A', 'R', 'n', 'r')",10,0.178630121,0.016655899,0.918937285,0.055652942,0.727710334,0.017087324,1.996199423,0.244549219,41,0.194387718,0.38803665,0.28237828
umap:euclidean,linear geo,fourier_basis,5,"('variance', 'A', 'R', 'n', 'r')",10,0.168177083,0.027006841,0.932212232,0.044575043,0.862658946,0.022757536,2.15320683,1.239730082,11,0.180406432,0.388452362,0.335101905
PCA,map geo,chebyshev_basis,5,"('variance', 'A', 'R', 'n', 'r')",10,0.193425633,0.026702595,0.945651571,0.039006366,0.854936711,0.019836672,1.901018441,0.289126044,41,0.204542179,0.388838455,0.33243227
umap:euclidean,kernel geo,fourier_basis,6,"('variance', 'A', 'R', 'n', 'r')",10,0.192842148,0.021348073,0.913481962,0.057660435,0.953651887,0.016158288,1.850237809,0.207494778,11,0.211106684,0.390597568,0.372494108
umap:cosine,kernel geo,fourier_basis,9,"('variance', 'A', 'R', 'n', 'r')",10,0.192134518,0.021797241,0.904770674,0.050878196,0.946152273,0.028622399,1.867802777,0.281088051,11,0.212357145,0.396641266,0.375283035
PCA,map geo,laguerre_basis,4,"('variance', 'A', 'R', 'n', 'r')",10,0.189042504,0.023114397,0.946212121,0.032693,0.849053581,0.014991169,1.987598183,0.374239009,41,0.199788715,0.397099688,0.337158912
kernel pca:rbf,map geo,torus,,"('variance', 'A', 'R', 'n', 'r')",6,0.168615303,0.00949126,0.820475173,0.066145729,1.108925042,0.013692017,1.939249014,0.057125239,1,0.20550933,0.398533766,0.441944073
PCA,linear geo,cocentric_circles,,"('variance', 'A', 'R', 'n', 'r')",10,0.174876991,0.012202258,0.923878899,0.03849855,0.87967209,0.019042507,2.112081325,1.27197186,1,0.18928562,0.399786624,0.351681135
umap:euclidean,linear geo,cocentric_circles,,"('variance', 'A', 'R', 'n', 'r')",10,0.165835381,0.031703208,0.923878899,0.03849855,0.847539086,0.016451891,2.233264028,1.139287602,1,0.179499046,0.400868763,0.339751945
PCA,linear geo,ellipse,,"('variance', 'A', 'R', 'n', 'r')",10,0.200892945,0.023220405,0.923318348,0.043700856,0.866908273,0.01732774,1.84727929,0.36029995,11,0.217577118,0.401925704,0.348432718
isomap:15,map geo,sphere,,"('variance', 'A', 'R', 'n', 'r')",10,0.214597124,0.043376847,0.783760517,0.077097997,1.027273661,0.021652669,1.468111998,0.255134034,11,0.273804458,0.401975611,0.412938957
PCA,kernel geo,fourier_basis,5,"('variance', 'A', 'R', 'n', 'r')",10,0.193189556,0.020492622,0.784012718,0.151021307,0.843341946,0.042287665,1.634355788,0.23178295,41,0.246411252,0.402723656,0.339633752
umap:cosine,map geo,random_sine_waves,4,"('variance', 'A', 'R', 'n', 'r')",10,0.176348294,0.033749296,0.903596737,0.062403031,0.8957121,0.03407571,2.063566523,1.864379,11,0.195162606,0.402731021,0.360731048
kernel pca:rbf,linear geo,fourier_basis,6,"('variance', 'A', 'R', 'n', 'r')",10,0.197386084,0.026848095,0.962878788,0.034570144,0.777486224,0.019025203,1.966917772,0.380636692,11,0.204995776,0.403209834,0.313490092
kernel pca:rbf,linear geo,ellipse,,"('variance', 'A', 'R', 'n', 'r')",10,0.18320194,0.031033521,0.962626263,0.039296694,0.742106635,0.007097257,2.122923485,0.402938459,11,0.190314712,0.404023571,0.299828573
umap:cosine,kernel geo,fourier_basis,10,"('variance', 'A', 'R', 'n', 'r')",10,0.193499693,0.017001617,0.86917982,0.04489042,0.941434603,0.0340524,1.835727261,0.20221497,11,0.222623315,0.408675688,0.384741434
umap:cosine,map geo,random_sine_waves,5,"('variance', 'A', 'R', 'n', 'r')",10,0.177498602,0.03018667,0.908108336,0.053855909,0.888076462,0.037632502,2.092312916,1.019036207,11,0.195459721,0.408962899,0.363190324
PCA,kernel geo,fourier_basis,6,"('variance', 'A', 'R', 'n', 'r')",10,0.207011747,0.019373624,0.881723721,0.089193161,0.871720412,0.025999708,1.745453468,0.272106285,51,0.234780739,0.409798856,0.357230027
PCA,kernel geo,toroid,,"('variance', 'A', 'R', 'n', 'r')",10,0.186149367,0.017465357,0.826758464,0.095389667,0.889278782,0.034953363,1.829810004,0.180819521,31,0.225155684,0.411992123,0.366375853
umap:cosine,linear geo,cocentric_circles,,"('variance', 'A', 'R', 'n', 'r')",10,0.154825034,0.035863369,0.913164613,0.051670586,0.851725433,0.014591725,2.439394769,1.962432991,1,0.169547781,0.413593969,0.352268503
kernel pca:rbf,multi w GP geo,toroid,,"('variance', 'A', 'R')",10,0.196106665,0.063804755,0.907261072,0.132552044,0.889492482,0.151863183,1.923866494,0.698170083,11,0.216152408,0.415848375,0.369894003
kernel pca:rbf,kernel geo,toroid,,"('variance', 'A', 'R', 'n', 'r')",10,0.200843176,0.089233399,0.834548834,0.23561037,0.864361819,0.050872116,1.749626411,0.428181689,21,0.240660783,0.421066462,0.363953772
umap:euclidean,map geo,laguerre_basis,4,"('variance', 'A', 'R', 'n', 'r')",10,0.16814557,0.025422045,0.914002997,0.054807869,0.878422169,0.025430505,2.289310525,1.424212399,31,0.183966104,0.421155538,0.369952361
kernel pca:rbf,map geo,mobius strip,,"('variance', 'A', 'R', 'n', 'r')",10,0.233002872,0.032338495,0.971212121,0.03240205,0.783574941,0.011266062,1.763444031,0.257391012,51,0.239909353,0.423066717,0.331504478
umap:cosine,kernel geo,fourier_basis,8,"('variance', 'A', 'R', 'n', 'r')",10,0.211952991,0.032078815,0.868123543,0.063531236,0.922986164,0.021990946,1.733161009,0.209431777,21,0.244150724,0.423152515,0.390563917
umap:cosine,kernel geo,ellipse,,"('variance', 'A', 'R', 'n', 'r')",10,0.191712098,0.042770134,0.897301032,0.061890991,0.878385127,0.024716432,1.982892381,0.318531726,31,0.213654159,0.423653204,0.372130674
kernel pca:rbf,map geo,chebyshev_basis,4,"('variance', 'A', 'R', 'n', 'r')",10,0.179066173,0.008547115,0.928265512,0.056721375,0.733857628,0.00913225,2.204457578,0.243880242,61,0.192904046,0.425248785,0.312072065
kernel pca:rbf,multi w GP geo,ellipse,,"('variance',)",10,0.187844482,0.054204847,0.942505051,0.027660498,0.835009929,0.039978935,2.135915014,0.615912854,11,0.199303423,0.425695172,0.355459696
umap:euclidean,kernel geo,toroid,,"('variance', 'A', 'R', 'n', 'r')",10,0.203384957,0.031773216,0.925681874,0.036969495,0.964606986,0.029566507,1.950081838,0.512956193,11,0.219713665,0.428459628,0.41329515
isomap:15,map geo,fourier_basis,5,"('variance', 'A', 'R', 'n', 'r')",10,0.190175873,0.037862947,0.790909202,0.075148305,0.994635301,0.015463755,1.7863408,0.78242542,11,0.240452219,0.42952961,0.427225313
kernel pca:rbf,linear geo,fourier_basis,7,"('variance', 'A', 'R', 'n', 'r')",9,0.204491455,0.031540805,0.954545455,0.040666237,0.782643846,0.014076641,2.007298121,0.542019991,11,0.214229144,0.430021758,0.336553883
kernel pca:rbf,linear geo,fourier_basis,10,"('variance', 'A', 'R', 'n', 'r')",9,0.202699157,0.042486492,0.954545455,0.040666237,0.795931966,0.017804124,2.034276629,0.56786883,11,0.212351498,0.431981688,0.343828035
umap:euclidean,kernel geo,ellipse,,"('variance', 'A', 'R', 'n', 'r')",10,0.195998516,0.021717966,0.935194805,0.052415186,0.90656592,0.028051622,2.062618767,0.670115629,21,0.209580416,0.432284499,0.391894394
umap:euclidean,kernel geo,fourier_basis,7,"('variance', 'A', 'R', 'n', 'r')",10,0.200140931,0.025266299,0.886595294,0.052051244,0.923601721,0.025682503,1.917930903,0.323276161,11,0.225741025,0.432955689,0.399878619
umap:cosine,kernel geo,fourier_basis,7,"('variance', 'A', 'R', 'n', 'r')",10,0.193196791,0.018323332,0.909808081,0.067685789,0.944523572,0.03406339,2.042974606,0.334414031,11,0.21234895,0.433823513,0.409756534
kernel pca:rbf,multi w GP geo,fourier_basis,9,"('variance',)",9,0.199470684,0.052473374,0.926804677,0.06207835,0.885416393,0.041625675,2.015738761,0.810002399,11,0.21522408,0.43383552,0.384125081
PCA,linear geo,fourier_basis,6,"('variance', 'A', 'R', 'n', 'r')",10,0.207617989,0.041037442,0.91467699,0.048260686,0.873736611,0.017390503,1.911758268,0.447986491,11,0.226985035,0.433940518,0.379149718
PCA,map geo,legendre_basis,5,"('variance', 'A', 'R', 'n', 'r')",10,0.207386578,0.025260087,0.955131313,0.02884325,0.863298659,0.018443373,2.004069684,0.377677778,21,0.217128865,0.435141376,0.375656966
umap:cosine,map geo,random_sine_waves,3,"('variance', 'A', 'R', 'n', 'r')",10,0.17568387,0.023283027,0.89702553,0.031264079,0.876900452,0.028164168,2.224996994,1.230528352,41,0.195851583,0.435769184,0.382126194
PCA,linear,none,,"('variance', 'A', 'R', 'n', 'r')",10,0.204413642,0.028480337,0.937065712,0.039710393,0.853029361,0.015072916,1.999123915,0.445248163,11,0.218142271,0.43609343,0.3720005
umap:euclidean,kernel geo,fourier_basis,11,"('variance', 'A', 'R', 'n', 'r')",10,0.209609837,0.0292552,0.860582222,0.072233379,0.895513854,0.021944951,1.799321845,0.378028172,31,0.243567473,0.438256275,0.392464566
kernel pca:rbf,linear geo,fourier_basis,9,"('variance', 'A', 'R', 'n', 'r')",10,0.200089915,0.047194065,0.959090909,0.040918443,0.809393313,0.028430314,2.111542062,0.603061246,11,0.208624556,0.440519525,0.356553558
umap:cosine,map geo,chebyshev_basis,5,"('variance', 'A', 'R', 'n', 'r')",10,0.171726941,0.027408665,0.929318237,0.042347055,0.88040324,0.039946459,2.392243678,0.732612548,31,0.184788088,0.442058136,0.389189415
PCA,kernel geo,cocentric_circles,,"('variance', 'A', 'R', 'n', 'r')",10,0.186316206,0.022053308,0.722088356,0.241353219,0.863978875,0.041757036,1.715286025,0.229585782,31,0.258024111,0.442585152,0.382384222
umap:euclidean,map geo,random_sine_waves,2,"('variance', 'A', 'R', 'n', 'r')",10,0.184271095,0.047858101,0.903482073,0.051131858,0.885962426,0.027668253,2.171455482,1.055107578,11,0.20395656,0.44288259,0.392377333
PCA,mlp geo,fourier_basis,6,"('variance', 'A', 'R', 'n', 'r')",2,0.263043037,0.032714313,0.904761905,0.095238095,0.947189552,0.023116593,1.549035474,0.321543487,1,0.290731778,0.450353837,0.426570449
PCA,map geo,laguerre_basis,5,"('variance', 'A', 'R', 'n', 'r')",10,0.199052656,0.019869962,0.954494949,0.029669686,0.853060872,0.021682576,2.174355951,0.36972422,41,0.208542388,0.453445382,0.386816513
umap:cosine,linear geo,fourier_basis,7,"('variance', 'A', 'R', 'n', 'r')",10,0.174220235,0.027237798,0.937065712,0.039710393,0.872962968,0.03250935,2.447667198,1.842995654,11,0.185921044,0.45507284,0.397261737
umap:cosine,kernel geo,toroid,,"('variance', 'A', 'R', 'n', 'r')",10,0.204282978,0.03644704,0.920171828,0.04073441,0.96884832,0.035796546,2.059561267,0.393239862,11,0.222005251,0.457233416,0.442989827
umap:cosine,map geo,mobius strip,,"('variance', 'A', 'R', 'n', 'r')",10,0.155661976,0.016506077,0.915034743,0.044345933,0.830457976,0.020265985,2.697636953,2.029061992,1,0.170115919,0.458910989,0.381106291
umap:cosine,map geo,fourier_basis,2,"('variance', 'A', 'R', 'n', 'r')",10,0.163384192,0.035834587,0.894197802,0.054385195,0.868043047,0.026189242,2.541822186,3.560189889,21,0.182715941,0.464431431,0.403146475
umap:euclidean,map geo,chebyshev_basis,4,"('variance', 'A', 'R', 'n', 'r')",10,0.167776107,0.02712695,0.901230214,0.054642978,0.873068089,0.028092637,2.514167521,1.098579615,21,0.186163429,0.468046046,0.408636067
umap:euclidean,kernel geo,fourier_basis,8,"('variance', 'A', 'R', 'n', 'r')",10,0.205473879,0.030572439,0.830413475,0.110377604,0.912646947,0.027372749,1.902721299,0.531917747,21,0.247435628,0.470801039,0.42967513
kernel pca:rbf,multi w GP geo,toroid,,"('variance', 'A')",10,0.191018412,0.045249303,0.938977689,0.059346025,0.80986719,0.071953725,2.328588395,1.394948676,11,0.203432322,0.473710144,0.383642304
umap:cosine,map geo,none,,"('variance', 'A', 'R', 'n', 'r')",10,0.176017945,0.030359932,0.912628483,0.052160552,0.887657419,0.037412687,2.459620367,0.769425072,21,0.192869221,0.474385064,0.421091422
umap:euclidean,map geo,legendre_basis,5,"('variance', 'A', 'R', 'n', 'r')",10,0.164711414,0.028066254,0.911558442,0.047860725,0.87140282,0.017752105,2.6372658,1.311850466,21,0.180692105,0.476533109,0.415252295
isomap:15,map geo,random_sine_waves,5,"('variance', 'A', 'R', 'n', 'r')",10,0.20391438,0.041350871,0.797461871,0.104508759,0.978039335,0.023597876,1.866798598,1.067408205,11,0.255704238,0.477348313,0.466865427
umap:cosine,linear geo,fourier_basis,5,"('variance', 'A', 'R', 'n', 'r')",10,0.172700882,0.023821563,0.930644356,0.055945618,0.864121101,0.014579918,2.580705489,1.439656912,11,0.185571299,0.478904869,0.413831802
kernel pca:rbf,multi w GP geo,ellipse,,"('variance', 'A', 'n')",10,0.18813549,0.021384665,0.938383838,0.033218351,0.808878002,0.026418602,2.411119254,1.260018605,11,0.200488843,0.48340251,0.391013656
umap:euclidean,map geo,random_sine_waves,4,"('variance', 'A', 'R', 'n', 'r')",10,0.181063086,0.036120151,0.905896881,0.04218529,0.891956219,0.035293818,2.439719168,1.178489927,31,0.19987163,0.487630647,0.434945188
umap:euclidean,kernel geo,fourier_basis,10,"('variance', 'A', 'R', 'n', 'r')",10,0.194054258,0.027406986,0.831098957,0.137234374,0.923317047,0.038045047,2.102754551,0.436993538,11,0.233491158,0.490974596,0.453325214
umap:cosine,map geo,chebyshev_basis,3,"('variance', 'A', 'R', 'n', 'r')",10,0.1744604,0.032133577,0.925025308,0.041221063,0.870517264,0.036508872,2.612584031,1.15193972,21,0.188600678,0.492735119,0.428934428
umap:cosine,kernel geo,cocentric_circles,,"('variance', 'A', 'R', 'n', 'r')",10,0.193163307,0.026746794,0.80222311,0.23746223,0.942632157,0.031893092,2.106150877,0.780047162,11,0.24078502,0.507129581,0.478036651
kernel pca:rbf,multi w GP geo,ellipse,,"('variance', 'A', 'R')",10,0.188233599,0.027095639,0.950757576,0.025258838,0.806899804,0.021843262,2.568079832,1.624511822,11,0.197982749,0.508435505,0.41025651
umap:euclidean,map geo,chebyshev_basis,5,"('variance', 'A', 'R', 'n', 'r')",10,0.164656338,0.029548121,0.916131424,0.038654457,0.871702732,0.029722746,2.836969751,2.015313567,11,0.179730041,0.509888688,0.444471362
umap:euclidean,linear geo,ellipse,,"('variance', 'A', 'R', 'n', 'r')",10,0.187591676,0.026202276,0.945651571,0.039006366,0.865544426,0.017941894,2.620948158,1.198909654,11,0.198372933,0.519925173,0.450018335
umap:euclidean,map geo,laguerre_basis,2,"('variance', 'A', 'R', 'n', 'r')",10,0.182106235,0.030473475,0.912303141,0.040232331,0.896697419,0.032147721,2.608719618,1.107423607,11,0.19961154,0.520730541,0.466937732
umap:cosine,map geo,linear,,"('variance', 'A', 'R', 'n', 'r')",10,0.172112814,0.041304734,0.916383949,0.034183534,0.86727968,0.024289342,2.790050702,1.742684523,11,0.18781736,0.524019956,0.454471859
umap:cosine,map geo,laguerre_basis,4,"('variance', 'A', 'R', 'n', 'r')",10,0.164156455,0.02034992,0.902645133,0.049753544,0.875591057,0.036943509,2.882855533,2.177244513,21,0.181861564,0.524280615,0.459055418
umap:euclidean,map geo,chebyshev_basis,3,"('variance', 'A', 'R', 'n', 'r')",10,0.177733788,0.020169206,0.908108336,0.053855909,0.868752274,0.028494755,2.727166912,1.479896641,21,0.195718706,0.533757578,0.46370311
kernel pca:rbf,mlp geo,fourier_basis,6,"('variance', 'A', 'R', 'n', 'r')",7,0.228981182,0.05962236,0.958874459,0.031503237,0.914332938,0.033697551,2.240612237,1.832127444,11,0.238802045,0.535062785,0.489225528
umap:cosine,map geo,legendre_basis,2,"('variance', 'A', 'R', 'n', 'r')",10,0.17778656,0.030297158,0.894197802,0.054385195,0.880778277,0.044935804,2.705316388,1.181231813,31,0.198822407,0.537877517,0.473750832
umap:euclidean,map geo,legendre_basis,4,"('variance', 'A', 'R', 'n', 'r')",10,0.168259195,0.025640805,0.896719392,0.043950568,0.883578198,0.035442268,2.869349147,1.325524004,31,0.187638627,0.538400733,0.47571915
umap:euclidean,map geo,none,,"('variance', 'A', 'R', 'n', 'r')",10,0.174342834,0.028537123,0.904669664,0.060629682,0.890343059,0.029634426,2.800799409,1.220845042,31,0.192714359,0.539754263,0.480566462
PCA,linear geo,toroid,,"('variance', 'A', 'R', 'n', 'r')",10,0.181889686,0.011121658,0.923878899,0.03849855,0.876856862,0.016772888,2.770015783,1.618787937,1,0.196876112,0.545349939,0.478193836
umap:cosine,map geo,legendre_basis,5,"('variance', 'A', 'R', 'n', 'r')",10,0.175591518,0.026501464,0.906620602,0.042736147,0.883737998,0.030278821,2.816311558,1.364950673,11,0.193676955,0.545454648,0.482038999
umap:cosine,map geo,legendre_basis,3,"('variance', 'A', 'R', 'n', 'r')",10,0.170881798,0.040401563,0.919327672,0.04632965,0.884055692,0.04044834,2.939475932,2.093675086,11,0.185876922,0.546380738,0.483031001
isomap:15,map geo,fourier_basis,4,"('variance', 'A', 'R', 'n', 'r')",10,0.203777556,0.042830693,0.761309827,0.069537643,0.975208595,0.017887864,2.050037221,1.483633683,31,0.267667051,0.548727416,0.535123693
kernel pca:rbf,map geo,linear,,"('variance', 'A', 'R', 'n', 'r')",10,0.21178039,0.025304161,0.959424242,0.025836877,0.753942529,0.014756518,2.513318789,0.470617863,71,0.22073696,0.554782348,0.418274007
isomap:15,map geo,random_sine_waves,4,"('variance', 'A', 'R', 'n', 'r')",10,0.192890032,0.035301882,0.76282684,0.09259005,0.960802561,0.030730851,2.210328872,2.038870445,21,0.252862146,0.558908503,0.537000721
umap:euclidean,linear geo,fourier_basis,7,"('variance', 'A', 'R', 'n', 'r')",10,0.188137101,0.040378915,0.941358641,0.039593373,0.851145364,0.01546711,2.864332025,1.252150538,11,0.199856987,0.572456767,0.487243923
kernel pca:rbf,multi w GP geo,fourier_basis,11,"('variance',)",10,0.221217358,0.066314887,0.926351426,0.055201458,0.897791207,0.030821158,2.40819593,1.177995943,21,0.238805006,0.575089243,0.516310066
kernel pca:rbf,map geo,laguerre_basis,2,"('variance', 'A', 'R', 'n', 'r')",10,0.202441171,0.01779065,0.959131313,0.031907913,0.755043522,0.012289542,2.727591834,0.366576451,41,0.211067211,0.575705201,0.434682483
umap:cosine,linear geo,fourier_basis,11,"('variance', 'A', 'R', 'n', 'r')",10,0.198663967,0.030582546,0.937065712,0.039710393,0.859216758,0.019179062,2.7198223,1.11458817,11,0.212006441,0.576619847,0.495441436
isomap:15,map geo,random_sine_waves,2,"('variance', 'A', 'R', 'n', 'r')",10,0.195178071,0.049977601,0.761246864,0.127289038,0.962481171,0.02391845,2.260624767,2.473304001,21,0.256392611,0.579607487,0.557861293
kernel pca:rbf,map geo,legendre_basis,4,"('variance', 'A', 'R', 'n', 'r')",10,0.196708307,0.01169389,0.928919303,0.043560451,0.735191892,0.011686021,2.740860222,0.461861006,61,0.211760383,0.580405609,0.426709498
kernel pca:rbf,linear geo,fourier_basis,11,"('variance', 'A', 'R', 'n', 'r')",10,0.205312396,0.039499786,0.959090909,0.040918443,0.807122315,0.033530757,2.731401724,2.062462484,11,0.214069797,0.584710612,0.471932983
umap:euclidean,map geo,legendre_basis,2,"('variance', 'A', 'R', 'n', 'r')",10,0.181743786,0.036173818,0.912628483,0.052160552,0.894363543,0.029146552,2.972984757,1.96207632,11,0.199143233,0.592049795,0.529507753
kernel pca:rbf,mlp geo,ellipse,,"('variance', 'A', 'R', 'n', 'r')",5,0.218231524,0.049369298,0.959757576,0.043965537,0.798175936,0.022463841,2.609394105,0.752124694,11,0.227381924,0.593329051,0.473580971
umap:cosine,linear geo,ellipse,,"('variance', 'A', 'R', 'n', 'r')",10,0.190835126,0.029645939,0.935497835,0.052298302,0.857938033,0.01860194,2.927486299,2.047069032,11,0.203993124,0.597187075,0.512349504
PCA,linear geo,fourier_basis,9,"('variance', 'A', 'R', 'n', 'r')",10,0.240014972,0.041765366,0.912604063,0.055546954,0.889462785,0.014440891,2.275079601,1.293443897,11,0.263000113,0.598346192,0.532206671
kernel pca:rbf,multi w GP geo,toroid,,"('variance', 'A', 'r')",9,0.224742135,0.058168696,0.951338785,0.059743727,0.801931505,0.045222276,2.570184494,1.064836672,11,0.236237751,0.607174604,0.486912444
kernel pca:rbf,map geo,fourier_basis,14,"('variance', 'A', 'R', 'n', 'r')",9,0.358509844,0.145042831,0.631807082,0.401227402,1.155511282,0.069492134,1.076065049,0.308082588,21,0.567435622,0.61059764,0.705552461
umap:euclidean,kernel geo,cocentric_circles,,"('variance', 'A', 'R', 'n', 'r')",10,0.210779036,0.043505199,0.66867255,0.250810817,0.876923706,0.075977346,1.951819491,0.856507542,21,0.315220112,0.615252758,0.539529729
umap:cosine,map geo,chebyshev_basis,4,"('variance', 'A', 'R', 'n', 'r')",10,0.177423571,0.032338811,0.906424464,0.043135556,0.86866173,0.027182927,3.172855285,2.185465634,11,0.195740052,0.621054857,0.539486587
umap:euclidean,map geo,chebyshev_basis,2,"('variance', 'A', 'R', 'n', 'r')",10,0.182765711,0.035088479,0.919580975,0.042003696,0.884559046,0.020335825,3.247847769,1.800897406,31,0.198748904,0.645506185,0.570988335
kernel pca:rbf,mlp geo,fourier_basis,7,"('variance', 'A', 'R', 'n', 'r')",5,0.23463726,0.053847066,0.940798091,0.044887173,0.891785227,0.039140317,2.606018655,1.534353523,11,0.249402355,0.64994719,0.579613303
kernel pca:rbf,mlp geo,fourier_basis,9,"('variance', 'A', 'R', 'n', 'r')",5,0.304356495,0.079915045,0.93972583,0.046640021,0.953180245,0.103086138,2.016119844,0.707260059,21,0.323877971,0.652976805,0.622404591
umap:euclidean,map geo,legendre_basis,3,"('variance', 'A', 'R', 'n', 'r')",10,0.185092342,0.026071693,0.913497946,0.051702844,0.875426436,0.049408287,3.32132951,1.775107767,11,0.20261933,0.672965561,0.589131842
kernel pca:rbf,multi w GP geo,toroid,,"('variance', 'A', 'n')",10,0.224331385,0.058671761,0.899366189,0.139776873,0.833379792,0.154222925,2.724662007,1.706441033,11,0.249432754,0.679619947,0.56638153
umap:cosine,map geo,laguerre_basis,2,"('variance', 'A', 'R', 'n', 'r')",10,0.178493102,0.024722932,0.900563659,0.051172928,0.859177938,0.034362302,3.552547181,2.164931561,31,0.198201538,0.704120314,0.60496464
isomap:15,map geo,random_sine_waves,3,"('variance', 'A', 'R', 'n', 'r')",10,0.215852896,0.044643977,0.772887501,0.091292294,0.980751493,0.026669905,2.544609525,1.565817686,11,0.279281131,0.710661427,0.696982255
kernel pca:rbf,multi w GP geo,toroid,,"('variance', 'A', 'r', 'R')",8,0.207561295,0.043401499,0.923406455,0.060418989,0.823805405,0.042969306,3.202654849,3.999282484,11,0.224777826,0.719885794,0.593045807
PCA,linear geo,fourier_basis,5,"('variance', 'A', 'R', 'n', 'r')",10,0.190734406,0.024613679,0.923878899,0.03849855,0.879535822,0.017857355,3.50446791,2.194234035,1,0.206449575,0.72349591,0.63634057
isomap:15,map geo,ellipse,,"('variance', 'A', 'R', 'n', 'r')",10,0.209469939,0.061375096,0.786685452,0.101621361,0.99495431,0.021740564,2.733517349,3.123521723,21,0.266268988,0.727850898,0.724178388
isomap:15,map geo,fourier_basis,2,"('variance', 'A', 'R', 'n', 'r')",10,0.209469939,0.061375096,0.786685452,0.101621361,0.99495431,0.021740564,2.733517349,3.123521723,21,0.266268988,0.727850898,0.724178388
kernel pca:rbf,mlp geo,fourier_basis,5,"('variance', 'A', 'R', 'n', 'r')",4,0.221064578,0.023941309,0.9375,0.036084392,0.784613872,0.007948213,3.17774951,1.014046169,1,0.235802216,0.749320377,0.587927163
PCA,linear geo,fourier_basis,8,"('variance', 'A', 'R', 'n', 'r')",10,0.241742898,0.045585095,0.931651682,0.049233154,0.901358477,0.069081713,2.892488709,2.268233528,11,0.259477767,0.75053651,0.676502446
PCA,linear geo,fourier_basis,10,"('variance', 'A', 'R', 'n', 'r')",10,0.269881791,0.065701318,0.926545677,0.055787826,0.902889626,0.018417317,2.597725284,1.754452729,11,0.291277373,0.756658596,0.683179197
kernel pca:rbf,map geo,sphere,,"('variance', 'A', 'R', 'n', 'r')",10,0.264236277,0.019630582,0.926090909,0.024670879,1.0941284,0.014092767,2.754689973,0.212136158,51,0.285324339,0.785980096,0.859963145
umap:euclidean,map geo,linear,,"('variance', 'A', 'R', 'n', 'r')",10,0.180266133,0.024574226,0.895734599,0.048067118,0.871397739,0.029822127,3.910034045,3.148129463,11,0.201249492,0.786892366,0.685696228
umap:euclidean,map geo,random_sine_waves,5,"('variance', 'A', 'R', 'n', 'r')",10,0.205043093,0.042342759,0.905083805,0.050071339,0.88390085,0.037950543,3.584504945,2.239385418,21,0.226545975,0.812055168,0.717776253
PCA,linear geo,fourier_basis,11,"('variance', 'A', 'R', 'n', 'r')",10,0.269804185,0.058341704,0.936505162,0.044936907,0.903932626,0.014768116,2.825351524,2.15019223,11,0.288096848,0.813974868,0.73577844
kernel pca:rbf,mlp geo,fourier_basis,11,"('variance', 'A', 'R', 'n', 'r')",5,0.231343378,0.037756828,0.941919192,0.033463169,0.893108643,0.018540892,3.324120295,2.095514406,11,0.245608519,0.816432263,0.729162711
kernel pca:rbf,map geo,legendre_basis,3,"('variance', 'A', 'R', 'n', 'r')",10,0.221553944,0.018695005,0.945904096,0.046480386,0.753065503,0.015040204,3.523076462,0.328526318,71,0.234224532,0.825190935,0.621422826
isomap:15,map geo,toroid,,"('variance', 'A', 'R', 'n', 'r')",10,0.220910406,0.056913581,0.749568513,0.099576643,0.979055411,0.032023004,2.898719631,2.777712965,31,0.294716763,0.854301268,0.836408279
umap:cosine,map geo,fourier_basis,14,"('variance', 'A', 'R', 'n', 'r')",10,0.304328289,0.054591465,0.82045177,0.092475687,1.070154732,0.043493333,2.308169935,0.377059517,1,0.370927701,0.856164167,0.916228135
kernel pca:rbf,linear geo,fourier_basis,8,"('variance', 'A', 'R', 'n', 'r')",9,0.223068348,0.024908191,0.949494949,0.032860642,0.784069212,0.010384573,3.704759171,1.541950804,1,0.234933686,0.870372726,0.682432458
isomap:15,map geo,laguerre_basis,4,"('variance', 'A', 'R', 'n', 'r')",10,0.234397448,0.053828567,0.792410616,0.084252741,0.985524287,0.026248861,3.043509218,2.889630209,31,0.295803013,0.900279197,0.887247013
isomap:15,map geo,torus,,"('variance', 'A', 'R', 'n', 'r')",10,0.243053648,0.028468531,0.823595516,0.104097803,1.178873962,0.026692545,3.103008043,0.251277675,1,0.295112884,0.915737653,1.079539275
umap:cosine,map geo,legendre_basis,4,"('variance', 'A', 'R', 'n', 'r')",10,0.185108118,0.041779501,0.889232434,0.063093066,0.868317427,0.037627673,4.429815056,4.018696829,11,0.208166179,0.922137676,0.800708214
kernel pca:rbf,map geo,random_sine_waves,3,"('variance', 'A', 'R', 'n', 'r')",10,0.268776019,0.039227211,0.955131313,0.02884325,0.846752036,0.045010433,3.280619951,1.352294451,51,0.281402164,0.923173554,0.781699086
umap:euclidean,linear geo,fourier_basis,11,"('variance', 'A', 'R', 'n', 'r')",10,0.384339966,0.170767007,0.623631369,0.115461698,0.924774611,0.040592154,1.518351495,0.573321323,21,0.616293512,0.935750175,0.865358004
kernel pca:rbf,map geo,chebyshev_basis,2,"('variance', 'A', 'R', 'n', 'r')",10,0.228964841,0.028231092,0.959171717,0.031858041,0.768455777,0.008454828,3.933483807,0.624938902,41,0.238711001,0.938965857,0.721553737
kernel pca:rbf,map geo,legendre_basis,2,"('variance', 'A', 'R', 'n', 'r')",10,0.228964841,0.028231092,0.959171717,0.031858041,0.768455777,0.008454828,3.933483807,0.624938902,41,0.238711001,0.938965857,0.721553737
isomap:15,map geo,klein bottle,,"('variance', 'A', 'R', 'n', 'r')",10,0.226241942,0.046415998,0.762157398,0.081139114,0.985667188,0.031532422,3.171108053,3.014703393,31,0.29684412,0.94132478,0.927832949
kernel pca:rbf,map geo,random_sine_waves,5,"('variance', 'A', 'R', 'n', 'r')",10,0.27373763,0.06717161,0.971212121,0.03240205,0.862120127,0.082819411,3.410463295,1.907430374,41,0.281851538,0.961244326,0.828708081
kernel pca:rbf,map geo,chebyshev_basis,3,"('variance', 'A', 'R', 'n', 'r')",10,0.22218392,0.016645815,0.946878788,0.032112554,0.749825034,0.014734058,4.229395956,0.90767561,71,0.234648746,0.992422456,0.744143202
isomap:15,map geo,laguerre_basis,2,"('variance', 'A', 'R', 'n', 'r')",10,0.223257414,0.041162144,0.794651016,0.092456614,0.990611967,0.017566823,3.583531317,4.32298871,21,0.280950266,1.006794075,0.997342259
PCA,linear geo,fourier_basis,7,"('variance', 'A', 'R', 'n', 'r')",10,0.221886134,0.029455581,0.913164613,0.051670586,0.875027203,0.021635186,4.225891537,3.317037589,1,0.24298591,1.0268321,0.898506021
umap:cosine,linear geo,toroid,,"('variance', 'A', 'R', 'n', 'r')",10,0.174970987,0.033591419,0.919025419,0.042001828,0.839048958,0.012478453,5.454892797,6.045373025,1,0.190387539,1.038543613,0.871388936
umap:cosine,linear geo,fourier_basis,6,"('variance', 'A', 'R', 'n', 'r')",10,0.179592341,0.02548494,0.923318348,0.043700856,0.834305642,0.014130671,5.367533673,3.392651959,1,0.194507497,1.044025539,0.871036397
umap:euclidean,map geo,fourier_basis,14,"('variance', 'A', 'R', 'n', 'r')",10,0.409834263,0.094223788,0.679742091,0.104280996,1.079134621,0.056592877,1.755296176,0.392293366,21,0.602926122,1.058313916,1.142063187
isomap:15,map geo,mobius strip,,"('variance', 'A', 'R', 'n', 'r')",10,0.223247134,0.042294462,0.75976687,0.088976326,0.980857978,0.023730235,3.665050307,4.426459662,31,0.293836362,1.07692505,1.056310527
umap:euclidean,mlp geo,cocentric_circles,,"('variance', 'A', 'R', 'n', 'r')",2,0.249353846,0.081955666,0.918333333,0.001666667,1.006337153,0.001509379,3.994749607,1.116345797,21,0.271528688,1.084689122,1.091562963
isomap:15,map geo,laguerre_basis,3,"('variance', 'A', 'R', 'n', 'r')",10,0.2319075,0.051381669,0.749546953,0.07303073,0.984471031,0.021003074,3.535256958,4.384304229,31,0.309396895,1.093797525,1.076811977
kernel pca:rbf,map geo,random_sine_waves,4,"('variance', 'A', 'R', 'n', 'r')",10,0.289611086,0.057953696,0.967424242,0.024753916,0.823439631,0.045719386,3.694243141,1.735311236,51,0.299363065,1.105919948,0.910658314
isomap:15,map geo,laguerre_basis,5,"('variance', 'A', 'R', 'n', 'r')",10,0.227174454,0.054471737,0.797987816,0.079416817,0.984528976,0.028598241,3.939590571,3.976818152,31,0.284684113,1.121538848,1.104187494
umap:cosine,map geo,chebyshev_basis,2,"('variance', 'A', 'R', 'n', 'r')",10,0.165580908,0.020974743,0.909676213,0.042756854,0.834215557,0.030457226,6.378506454,4.622214576,1,0.182021807,1.161027272,0.968547013
isomap:15,map geo,chebyshev_basis,2,"('variance', 'A', 'R', 'n', 'r')",10,0.228934994,0.045361492,0.755194195,0.099889739,0.97890525,0.022958534,3.834802922,5.264214276,31,0.303147185,1.162509711,1.137986859
isomap:15,map geo,legendre_basis,2,"('variance', 'A', 'R', 'n', 'r')",10,0.228934994,0.045361492,0.755194195,0.099889739,0.97890525,0.022958534,3.834802922,5.264214276,31,0.303147185,1.162509711,1.137986859
kernel pca:rbf,map geo,random_sine_waves,2,"('variance', 'A', 'R', 'n', 'r')",10,0.290953191,0.032581303,0.959090909,0.026359572,0.821202702,0.041425711,3.860811957,1.55488458,31,0.303363516,1.171229491,0.961816823
kernel pca:rbf,mlp geo,fourier_basis,8,"('variance', 'A', 'R', 'n', 'r')",8,0.245943264,0.069310143,0.948232323,0.034647532,0.871057789,0.045127437,4.51765535,2.593089278,11,0.259370259,1.17174544,1.020657993
isomap:15,map geo,none,,"('variance', 'A', 'R', 'n', 'r')",10,0.228223176,0.04353625,0.739690447,0.091679751,0.976999227,0.027490849,3.987944818,4.912646747,31,0.308538763,1.230435562,1.202134593
umap:euclidean,linear geo,toroid,,"('variance', 'A', 'R', 'n', 'r')",10,0.184429331,0.03283292,0.923878899,0.03849855,0.828064786,0.022241967,6.260544109,5.887032689,1,0.199625006,1.249761157,1.034883206
isomap:15,map geo,linear,,"('variance', 'A', 'R', 'n', 'r')",10,0.236452468,0.044650092,0.760352092,0.072063074,0.995407363,0.015693408,4.097256743,5.737497774,21,0.310977599,1.274155064,1.268303333
isomap:15,map geo,chebyshev_basis,5,"('variance', 'A', 'R', 'n', 'r')",10,0.229261625,0.057993332,0.803067877,0.094865287,0.996982232,0.027340322,4.507931286,4.497636865,21,0.285482251,1.28693437,1.283050701
isomap:15,map geo,chebyshev_basis,3,"('variance', 'A', 'R', 'n', 'r')",10,0.232674318,0.042142435,0.744324313,0.079805657,0.977857042,0.024513407,4.237210486,6.802431714,41,0.312598035,1.324543672,1.295214357
isomap:15,map geo,legendre_basis,3,"('variance', 'A', 'R', 'n', 'r')",10,0.239764072,0.055525521,0.778190532,0.07625569,0.985430905,0.01916382,4.374775778,6.446357823,31,0.308104587,1.347888485,1.328250969
isomap:15,map geo,legendre_basis,5,"('variance', 'A', 'R', 'n', 'r')",10,0.248969298,0.060878736,0.814899045,0.094961806,0.9939306,0.027246874,4.450892566,4.543663906,31,0.305521647,1.359844027,1.351590589
umap:euclidean,linear geo,fourier_basis,10,"('variance', 'A', 'R', 'n', 'r')",10,0.185000555,0.030828212,0.923878899,0.03849855,0.833992824,0.018147193,6.874991234,9.458341072,1,0.200243295,1.3766709,1.148133651
umap:euclidean,linear geo,fourier_basis,9,"('variance', 'A', 'R', 'n', 'r')",10,0.188445468,0.043665071,0.919025419,0.042001828,0.834053303,0.019541495,6.792628823,5.854985713,1,0.205049245,1.39282341,1.161688966
kernel pca:rbf,mlp geo,toroid,,"('variance', 'A', 'R', 'n', 'r')",3,0.220553761,0.065607771,0.864774115,0.04380528,0.837532687,0.013405653,5.514280456,2.607080754,11,0.255042048,1.406373381,1.177883677
isomap:15,map geo,chebyshev_basis,4,"('variance', 'A', 'R', 'n', 'r')",10,0.24450176,0.050630764,0.784017342,0.070090097,0.98730453,0.024214304,4.529959427,5.167096826,31,0.311857592,1.412702238,1.39476732
PCA,mlp geo,ellipse,,"('variance', 'A', 'R', 'n', 'r')",4,0.272528745,0.076851426,0.723611111,0.408344402,0.989004385,0.080063734,3.822601679,2.398028593,11,0.376623217,1.439680543,1.42385037
isomap:15,map geo,fourier_basis,3,"('variance', 'A', 'R', 'n', 'r')",10,0.228191783,0.05329809,0.755560492,0.089200852,0.979597888,0.024828654,4.801923151,6.646267522,31,0.302016564,1.450260329,1.420671956
umap:cosine,linear geo,fourier_basis,8,"('variance', 'A', 'R', 'n', 'r')",10,0.177176299,0.032968842,0.919025419,0.042001828,0.834654626,0.014971912,7.532150235,6.864262048,1,0.192787159,1.452101842,1.21200352
umap:euclidean,linear geo,fourier_basis,6,"('variance', 'A', 'R', 'n', 'r')",10,0.186003628,0.045031299,0.923878899,0.03849855,0.82765845,0.018934701,7.261778827,8.057623621,1,0.201329014,1.462006771,1.210042258
umap:euclidean,linear geo,fourier_basis,8,"('variance', 'A', 'R', 'n', 'r')",10,0.198734046,0.035815925,0.919025419,0.042001828,0.833595894,0.023935534,6.813040943,6.326747434,1,0.216244341,1.47328155,1.228121451
umap:cosine,linear geo,fourier_basis,10,"('variance', 'A', 'R', 'n', 'r')",10,0.179229422,0.0266164,0.923878899,0.03849855,0.841758227,0.024919831,7.904923556,7.611802137,1,0.193996662,1.53352878,1.290860467
kernel pca:rbf,map geo,none,,"('variance', 'A', 'R', 'n', 'r')",10,0.243968718,0.02665223,0.967171717,0.031051366,0.783315887,0.015788279,6.201419753,1.800337959,31,0.252249641,1.564305905,1.225345667
kernel pca:rbf,map,none,,"('variance', 'A', 'R', 'n', 'r')",10,0.243968718,0.02665223,0.967171717,0.031051366,0.783315887,0.015788279,6.201419753,1.800337959,31,0.252249641,1.564305905,1.225345667
kernel pca:rbf,kernel,none,,"('variance', 'A', 'R', 'n', 'r')",10,0.275213213,0.09161276,0.911193584,0.118433231,0.778640966,0.095172518,5.378164779,1.871395048,11,0.302035943,1.62439907,1.264823661
isomap:15,map geo,legendre_basis,4,"('variance', 'A', 'R', 'n', 'r')",10,0.250141921,0.057358802,0.784113357,0.09518455,0.980862666,0.025124608,5.465630029,7.539653722,41,0.319012447,1.743604012,1.71023608
umap:cosine,linear geo,fourier_basis,9,"('variance', 'A', 'R', 'n', 'r')",10,0.198223492,0.047840245,0.923878899,0.03849855,0.832635923,0.013363577,8.428167473,7.914277627,1,0.214555709,1.808311448,1.505665072
PCA,mlp,none,,"('variance', 'A', 'R', 'n', 'r')",5,0.33632426,0.064576612,0.942424242,0.042297791,0.991755037,0.051040772,5.830746724,3.339602404,11,0.356871401,2.080826755,2.063670414
umap:cosine,mlp geo,cocentric_circles,,"('variance', 'A', 'R', 'n', 'r')",4,0.386289837,0.101310345,0.522858354,0.292608722,1.023196895,0.045450583,3.001323892,2.220645081,21,0.738803988,2.21739006,2.268826624
kernel pca:rbf,mlp geo,fourier_basis,10,"('variance', 'A', 'R', 'n', 'r')",3,0.286586819,0.052223595,0.972222222,0.03928371,0.795685096,0.026160309,8.057650695,6.862457458,1,0.294775013,2.375194091,1.889906539
umap:euclidean,mlp geo,fourier_basis,6,"('variance', 'A', 'R', 'n', 'r')",1,0.327206103,0,0.916666667,0,0.948438619,0,6.719491774,0,11,0.356952113,2.398536786,2.274864916
umap:cosine,mlp geo,fourier_basis,6,"('variance', 'A', 'R', 'n', 'r')",3,0.354803129,0.018448988,0.915639916,0.037424435,0.982822523,0.033603227,6.79546314,2.827389522,11,0.387491985,2.633187503,2.587955985
PCA,kernel circular,fourier_basis,5,"('variance', 'A', 'R', 'n', 'r')",8,0.465128284,0.078844026,0.361567909,0.085345943,1.017014254,0.033043657,2.051905097,0.383598315,1,1.28642026,2.639612288,2.684523321
PCA,kernel circular,fourier_basis,6,"('variance', 'A', 'R', 'n', 'r')",8,0.465128284,0.078844026,0.361567909,0.085345943,1.017014254,0.033043657,2.051905097,0.383598315,1,1.28642026,2.639612288,2.684523321
PCA,kernel circular,fourier_basis,7,"('variance', 'A', 'R', 'n', 'r')",8,0.465128284,0.078844026,0.361567909,0.085345943,1.017014254,0.033043657,2.051905097,0.383598315,1,1.28642026,2.639612288,2.684523321
PCA,kernel circular,fourier_basis,8,"('variance', 'A', 'R', 'n', 'r')",8,0.465128284,0.078844026,0.361567909,0.085345943,1.017014254,0.033043657,2.051905097,0.383598315,1,1.28642026,2.639612288,2.684523321
PCA,kernel circular,fourier_basis,9,"('variance', 'A', 'R', 'n', 'r')",8,0.465128284,0.078844026,0.361567909,0.085345943,1.017014254,0.033043657,2.051905097,0.383598315,1,1.28642026,2.639612288,2.684523321
PCA,kernel circular,fourier_basis,10,"('variance', 'A', 'R', 'n', 'r')",8,0.465128284,0.078844026,0.361567909,0.085345943,1.017014254,0.033043657,2.051905097,0.383598315,1,1.28642026,2.639612288,2.684523321
PCA,kernel circular,fourier_basis,11,"('variance', 'A', 'R', 'n', 'r')",8,0.465128284,0.078844026,0.361567909,0.085345943,1.017014254,0.033043657,2.051905097,0.383598315,1,1.28642026,2.639612288,2.684523321
kernel pca:rbf,kernel circular,fourier_basis,5,"('variance', 'A', 'R', 'n', 'r')",8,0.465128284,0.078844026,0.361567909,0.085345943,1.017014254,0.033043657,2.051905097,0.383598315,1,1.28642026,2.639612288,2.684523321
kernel pca:rbf,kernel circular,fourier_basis,6,"('variance', 'A', 'R', 'n', 'r')",8,0.465128284,0.078844026,0.361567909,0.085345943,1.017014254,0.033043657,2.051905097,0.383598315,1,1.28642026,2.639612288,2.684523321
kernel pca:rbf,kernel circular,fourier_basis,7,"('variance', 'A', 'R', 'n', 'r')",8,0.465128284,0.078844026,0.361567909,0.085345943,1.017014254,0.033043657,2.051905097,0.383598315,1,1.28642026,2.639612288,2.684523321
kernel pca:rbf,kernel circular,fourier_basis,8,"('variance', 'A', 'R', 'n', 'r')",8,0.465128284,0.078844026,0.361567909,0.085345943,1.017014254,0.033043657,2.051905097,0.383598315,1,1.28642026,2.639612288,2.684523321
kernel pca:rbf,kernel circular,fourier_basis,9,"('variance', 'A', 'R', 'n', 'r')",8,0.465128284,0.078844026,0.361567909,0.085345943,1.017014254,0.033043657,2.051905097,0.383598315,1,1.28642026,2.639612288,2.684523321
kernel pca:rbf,kernel circular,fourier_basis,10,"('variance', 'A', 'R', 'n', 'r')",8,0.465128284,0.078844026,0.361567909,0.085345943,1.017014254,0.033043657,2.051905097,0.383598315,1,1.28642026,2.639612288,2.684523321
kernel pca:rbf,kernel circular,fourier_basis,11,"('variance', 'A', 'R', 'n', 'r')",8,0.465128284,0.078844026,0.361567909,0.085345943,1.017014254,0.033043657,2.051905097,0.383598315,1,1.28642026,2.639612288,2.684523321
umap:cosine,kernel circular,fourier_basis,5,"('variance', 'A', 'R', 'n', 'r')",8,0.465128284,0.078844026,0.361567909,0.085345943,1.017014254,0.033043657,2.051905097,0.383598315,1,1.28642026,2.639612288,2.684523321
umap:cosine,kernel circular,fourier_basis,6,"('variance', 'A', 'R', 'n', 'r')",8,0.465128284,0.078844026,0.361567909,0.085345943,1.017014254,0.033043657,2.051905097,0.383598315,1,1.28642026,2.639612288,2.684523321
umap:cosine,kernel circular,fourier_basis,7,"('variance', 'A', 'R', 'n', 'r')",8,0.465128284,0.078844026,0.361567909,0.085345943,1.017014254,0.033043657,2.051905097,0.383598315,1,1.28642026,2.639612288,2.684523321
umap:cosine,kernel circular,fourier_basis,8,"('variance', 'A', 'R', 'n', 'r')",8,0.465128284,0.078844026,0.361567909,0.085345943,1.017014254,0.033043657,2.051905097,0.383598315,1,1.28642026,2.639612288,2.684523321
umap:cosine,kernel circular,fourier_basis,9,"('variance', 'A', 'R', 'n', 'r')",8,0.465128284,0.078844026,0.361567909,0.085345943,1.017014254,0.033043657,2.051905097,0.383598315,1,1.28642026,2.639612288,2.684523321
umap:cosine,kernel circular,fourier_basis,10,"('variance', 'A', 'R', 'n', 'r')",8,0.465128284,0.078844026,0.361567909,0.085345943,1.017014254,0.033043657,2.051905097,0.383598315,1,1.28642026,2.639612288,2.684523321
umap:cosine,kernel circular,fourier_basis,11,"('variance', 'A', 'R', 'n', 'r')",8,0.465128284,0.078844026,0.361567909,0.085345943,1.017014254,0.033043657,2.051905097,0.383598315,1,1.28642026,2.639612288,2.684523321
umap:euclidean,kernel circular,fourier_basis,5,"('variance', 'A', 'R', 'n', 'r')",8,0.465128284,0.078844026,0.361567909,0.085345943,1.017014254,0.033043657,2.051905097,0.383598315,1,1.28642026,2.639612288,2.684523321
umap:euclidean,kernel circular,fourier_basis,6,"('variance', 'A', 'R', 'n', 'r')",8,0.465128284,0.078844026,0.361567909,0.085345943,1.017014254,0.033043657,2.051905097,0.383598315,1,1.28642026,2.639612288,2.684523321
umap:euclidean,kernel circular,fourier_basis,7,"('variance', 'A', 'R', 'n', 'r')",8,0.465128284,0.078844026,0.361567909,0.085345943,1.017014254,0.033043657,2.051905097,0.383598315,1,1.28642026,2.639612288,2.684523321
umap:euclidean,kernel circular,fourier_basis,8,"('variance', 'A', 'R', 'n', 'r')",8,0.465128284,0.078844026,0.361567909,0.085345943,1.017014254,0.033043657,2.051905097,0.383598315,1,1.28642026,2.639612288,2.684523321
umap:euclidean,kernel circular,fourier_basis,9,"('variance', 'A', 'R', 'n', 'r')",8,0.465128284,0.078844026,0.361567909,0.085345943,1.017014254,0.033043657,2.051905097,0.383598315,1,1.28642026,2.639612288,2.684523321
umap:euclidean,kernel circular,fourier_basis,10,"('variance', 'A', 'R', 'n', 'r')",8,0.465128284,0.078844026,0.361567909,0.085345943,1.017014254,0.033043657,2.051905097,0.383598315,1,1.28642026,2.639612288,2.684523321
umap:euclidean,kernel circular,fourier_basis,11,"('variance', 'A', 'R', 'n', 'r')",8,0.465128284,0.078844026,0.361567909,0.085345943,1.017014254,0.033043657,2.051905097,0.383598315,1,1.28642026,2.639612288,2.684523321
PCA,kernel circular,ellipse,,"('variance', 'A', 'R', 'n', 'r')",8,0.465128284,0.078844026,0.361567909,0.085345943,1.017014254,0.033043657,2.051905097,0.383598315,1,1.28642026,2.639612288,2.684523321
PCA,kernel circular,toroid,,"('variance', 'A', 'R', 'n', 'r')",8,0.465128284,0.078844026,0.361567909,0.085345943,1.017014254,0.033043657,2.051905097,0.383598315,1,1.28642026,2.639612288,2.684523321
PCA,kernel circular,cocentric_circles,,"('variance', 'A', 'R', 'n', 'r')",8,0.465128284,0.078844026,0.361567909,0.085345943,1.017014254,0.033043657,2.051905097,0.383598315,1,1.28642026,2.639612288,2.684523321
kernel pca:rbf,kernel circular,ellipse,,"('variance', 'A', 'R', 'n', 'r')",8,0.465128284,0.078844026,0.361567909,0.085345943,1.017014254,0.033043657,2.051905097,0.383598315,1,1.28642026,2.639612288,2.684523321
kernel pca:rbf,kernel circular,toroid,,"('variance', 'A', 'R', 'n', 'r')",8,0.465128284,0.078844026,0.361567909,0.085345943,1.017014254,0.033043657,2.051905097,0.383598315,1,1.28642026,2.639612288,2.684523321
kernel pca:rbf,kernel circular,cocentric_circles,,"('variance', 'A', 'R', 'n', 'r')",8,0.465128284,0.078844026,0.361567909,0.085345943,1.017014254,0.033043657,2.051905097,0.383598315,1,1.28642026,2.639612288,2.684523321
umap:cosine,kernel circular,ellipse,,"('variance', 'A', 'R', 'n', 'r')",8,0.465128284,0.078844026,0.361567909,0.085345943,1.017014254,0.033043657,2.051905097,0.383598315,1,1.28642026,2.639612288,2.684523321
umap:cosine,kernel circular,toroid,,"('variance', 'A', 'R', 'n', 'r')",8,0.465128284,0.078844026,0.361567909,0.085345943,1.017014254,0.033043657,2.051905097,0.383598315,1,1.28642026,2.639612288,2.684523321
umap:cosine,kernel circular,cocentric_circles,,"('variance', 'A', 'R', 'n', 'r')",8,0.465128284,0.078844026,0.361567909,0.085345943,1.017014254,0.033043657,2.051905097,0.383598315,1,1.28642026,2.639612288,2.684523321
umap:euclidean,kernel circular,ellipse,,"('variance', 'A', 'R', 'n', 'r')",8,0.465128284,0.078844026,0.361567909,0.085345943,1.017014254,0.033043657,2.051905097,0.383598315,1,1.28642026,2.639612288,2.684523321
umap:euclidean,kernel circular,toroid,,"('variance', 'A', 'R', 'n', 'r')",8,0.465128284,0.078844026,0.361567909,0.085345943,1.017014254,0.033043657,2.051905097,0.383598315,1,1.28642026,2.639612288,2.684523321
umap:euclidean,kernel circular,cocentric_circles,,"('variance', 'A', 'R', 'n', 'r')",8,0.465128284,0.078844026,0.361567909,0.085345943,1.017014254,0.033043657,2.051905097,0.383598315,1,1.28642026,2.639612288,2.684523321
umap:cosine,mlp geo,toroid,,"('variance', 'A', 'R', 'n', 'r')",2,0.285065169,0.096955801,0.913863914,0.045732046,0.924019599,0.017360314,8.701192808,6.879865598,1,0.311933937,2.714197332,2.50797153
PCA,mlp geo,fourier_basis,7,"('variance', 'A', 'R', 'n', 'r')",5,0.343632176,0.039526289,0.932212232,0.044575043,0.928117913,0.040879556,8.329015443,5.908423783,1,0.36862011,3.070242589,2.849547143
PCA,mlp geo,fourier_basis,10,"('variance', 'A', 'R', 'n', 'r')",5,0.33219156,0.069115605,0.811640804,0.29454801,0.995351878,0.068899679,7.85744627,5.27527976,11,0.409283958,3.215926706,3.200978687
umap:cosine,mlp geo,fourier_basis,7,"('variance', 'A', 'R', 'n', 'r')",2,0.279005854,0.013704606,0.938131313,0.021464646,0.897055107,0.032836445,11.0499741,6.102204275,1,0.297405971,3.286328277,2.948017565
PCA,mlp geo,fourier_basis,11,"('variance', 'A', 'R', 'n', 'r')",8,0.350381072,0.042507681,0.907775072,0.125137626,1.005409798,0.093903243,9.337578284,8.279330204,11,0.385977852,3.604098405,3.623595851
umap:euclidean,mlp geo,fourier_basis,8,"('variance', 'A', 'R', 'n', 'r')",3,0.277760577,0.023613973,0.973063973,0.019046647,0.882448906,0.020917171,13.06832592,9.148505754,1,0.285449451,3.730346467,3.291840159
umap:cosine,mlp geo,fourier_basis,8,"('variance', 'A', 'R', 'n', 'r')",3,0.305239927,0.031221138,0.973063973,0.019046647,0.91861357,0.034414142,12.13677532,8.749206226,11,0.313689476,3.807178686,3.497326005
umap:euclidean,mlp geo,fourier_basis,9,"('variance', 'A', 'R', 'n', 'r')",5,0.305493764,0.016361621,0.975252525,0.033210671,0.869148211,0.021558309,13.62126249,10.30176168,1,0.313245807,4.266803361,3.708484507
kernel pca:rbf,mlp,none,,"('variance', 'A', 'R', 'n', 'r')",6,0.342329917,0.041063046,0.979377104,0.031688873,0.784369623,0.034828288,12.52382627,4.276236914,11,0.349538411,4.377558334,3.433623779
umap:cosine,mlp geo,fourier_basis,10,"('variance', 'A', 'R', 'n', 'r')",8,0.308878581,0.024122206,0.940205628,0.057515858,0.878467424,0.030019245,13.9146085,10.91869124,1,0.328522369,4.571260153,4.015703129
PCA,mlp geo,toroid,,"('variance', 'A', 'R', 'n', 'r')",5,0.300903551,0.060936472,0.948878899,0.050792323,0.891699805,0.018571256,14.66271982,11.31581439,1,0.317114809,4.649765595,4.146195073
PCA,mlp geo,fourier_basis,5,"('variance', 'A', 'R', 'n', 'r')",6,0.339469622,0.081496719,0.965488215,0.037360843,0.882347107,0.043473574,13.41524236,7.004958577,1,0.351604107,4.716854309,4.161902753
umap:euclidean,mlp geo,toroid,,"('variance', 'A', 'R', 'n', 'r')",3,0.290575326,0.013344843,0.898619899,0.043116586,0.905380322,0.022029153,15.07998803,3.703627347,1,0.323357325,4.876224582,4.414837781
umap:cosine,mlp geo,fourier_basis,9,"('variance', 'A', 'R', 'n', 'r')",6,0.315293732,0.03324557,0.986111111,0.0310565,0.90996628,0.044135024,15.67039371,12.78601382,1,0.319734489,5.010365324,4.559263496
PCA,mlp geo,cocentric_circles,,"('variance', 'A', 'R', 'n', 'r')",4,0.330750077,0.023734005,0.938131313,0.021464646,0.925685544,0.024567431,14.56023432,8.523777223,1,0.352562666,5.133395035,4.751909574
PCA,mlp geo,fourier_basis,8,"('variance', 'A', 'R', 'n', 'r')",6,0.326347654,0.045994217,0.964133089,0.05262293,0.88399558,0.035825549,15.24114422,9.697761197,1,0.338488179,5.158947154,4.560486483
umap:cosine,mlp geo,fourier_basis,11,"('variance', 'A', 'R', 'n', 'r')",8,0.328797522,0.03627134,0.944128788,0.028414351,0.868105353,0.053879263,21.03450877,15.96407391,1,0.348254948,7.325371753,6.359194434
umap:euclidean,mlp geo,fourier_basis,11,"('variance', 'A', 'R', 'n', 'r')",3,0.316513509,0.031463135,0.930976431,0.020237063,0.881920379,0.015880839,22.45140164,4.72294236,1,0.339980152,7.633030948,6.731725545
umap:euclidean,mlp geo,ellipse,,"('variance', 'A', 'R', 'n', 'r')",7,0.55512532,0.562385833,0.848175634,0.255759134,0.986417469,0.106378159,12.0275071,7.424323526,11,0.654493359,7.871923519,7.765002875
umap:cosine,mlp geo,ellipse,,"('variance', 'A', 'R', 'n', 'r')",3,0.348739117,0.047095803,0.973063973,0.019046647,0.907104154,0.060025991,22.17404789,10.38578557,1,0.358392795,7.947019001,7.208773948
umap:euclidean,mlp geo,fourier_basis,10,"('variance', 'A', 'R', 'n', 'r')",4,0.501950571,0.347111301,0.780152508,0.235447187,0.964209295,0.073806909,14.55162553,22.67723955,11,0.643400573,9.362524213,9.027432867
umap:euclidean,mlp geo,fourier_basis,7,"('variance', 'A', 'R', 'n', 'r')",3,0.349941612,0.041755447,0.928266178,0.054456175,0.919853313,0.005180154,26.55274776,17.14736362,1,0.376984124,10.00996435,9.207698867
umap:euclidean,mlp geo,fourier_basis,5,"('variance', 'A', 'R', 'n', 'r')",3,0.295650493,0.040166766,0.972222222,0.03928371,0.921221486,0.027354651,36.71959258,20.55456216,1,0.30409765,11.16634182,10.28667401
umap:cosine,mlp geo,fourier_basis,5,"('variance', 'A', 'R', 'n', 'r')",2,0.419576162,0.011969891,0.96,0.04,0.909777129,0.002364488,51.25155894,41.49511044,1,0.437058502,22.39992957,20.37894361
PCA,mlp geo,fourier_basis,9,"('variance', 'A', 'R', 'n', 'r')",4,92.75894027,160.0687951,0.911345599,0.073800732,1.023151808,0.044498983,3.538176779,1.261741125,11,101.7823978,360.1241164,368.4616407
kernel pca:rbf,linear,none,,"('variance', 'A', 'R', 'n', 'r')",10,12463976.21,27848504.89,0.516452029,0.337530745,1.088384432,0.167692171,0.795029043,0.785440206,21,24133850.78,19187112.29,20882954.32
